user_id,joining_date,prediction
8956766f385e2ac1,2025-04-01,0
88f0d57d62d2bfe1,2025-04-01,1
8e6ad754abe36339,2025-04-01,0
873291626d308f97,2025-04-01,1
80a5321f0c946f95,2025-04-01,0
9d739894210a7a30,2025-04-01,0
be3eaa63146e6eb5,2025-04-01,0
94348b926925fb67,2025-04-01,1
93a7eaa0246a32a5,2025-04-01,0
8e44378944cb5238,2025-04-01,1
8c4029738c825c86,2025-04-01,1
a888a74ad243df2a,2025-04-01,0
9c9bf0d7f90b621e,2025-04-01,0
86fa42bc251ca8d8,2025-04-01,1
92c727bb39f94d98,2025-04-01,0
992d3e93f6737649,2025-04-01,0
be46b6e99b9e1b59,2025-04-01,1
bc4ae05566c5237b,2025-04-01,0
984ce7515b2546df,2025-04-01,1
9ad0b597a3b2bf2d,2025-04-01,0
be9a1866d2dba682,2025-04-01,1
85b174d4a4c522af,2025-04-01,0
80d9154f7c759c32,2025-04-01,0
83c048041534ec25,2025-04-01,1
a5f6704b528ee362,2025-04-01,0
b4d51e7a01787ffc,2025-04-01,1
aaa8b3942c220cbe,2025-04-01,0
b1a96975fa60fa67,2025-04-01,1
87de1db617b51845,2025-04-01,1
87c24adc681b56d4,2025-04-01,1
80440ea39d9a7910,2025-04-01,1
a37a90cc223aa38e,2025-04-01,0
a85c4d132f43192c,2025-04-01,1
861f2f1151388f74,2025-04-01,1
994ae07f8d0bf14a,2025-04-01,0
9c12652c5b268528,2025-04-01,1
bf6458f5d6d6601a,2025-04-01,0
a1aaf0dcf03fe99a,2025-04-01,0
a22822781ed85719,2025-04-01,0
b768c81f1d317e64,2025-04-01,0
b7ca97c840128740,2025-04-01,1
b6356476a24eead5,2025-04-01,0
9b8da34700cca6db,2025-04-01,1
87557402f48315a4,2025-04-01,1
b3560c3e69c1e793,2025-04-01,1
879e8ab7809e5305,2025-04-01,1
a5109d91d09f3f45,2025-04-01,1
a1feda60cfffe9fb,2025-04-01,1
bece5418d2347bb6,2025-04-01,0
a6a9aeb175de2ad9,2025-04-01,0
b59ca023191f0023,2025-04-01,0
8290be7b933597b0,2025-04-01,1
b066ba501b99a5f2,2025-04-01,1
a34098642bdd56f6,2025-04-01,0
94343321cdfba398,2025-04-01,0
b065646d9c856277,2025-04-01,0
8bc765fa1281e010,2025-04-01,1
91045bcb83fe51b8,2025-04-01,0
826a35c00c55a3fb,2025-04-01,1
b7560277fb9cf320,2025-04-01,0
b8aae09ccce7721a,2025-04-01,0
91faabf06ebc260e,2025-04-01,0
86ca613947e25195,2025-04-01,0
9fdd3943ad58470e,2025-04-01,1
99a4a8ab33fa269d,2025-04-01,0
95328fda70624458,2025-04-01,1
888232c469b61cea,2025-04-01,0
827ec3ce4589ddf4,2025-04-01,1
ab6943458230e8fe,2025-04-01,0
bb8ce9994f473b94,2025-04-01,0
8429dec823daebac,2025-04-01,1
ba19d2a33eb08a21,2025-04-01,0
89c99fbc3be156a6,2025-04-01,1
9f7afda9767bdad9,2025-04-01,1
a42ca2588cfaa1c7,2025-04-01,1
b944277ccf58f3a3,2025-04-01,1
a594feaffc78b36b,2025-04-01,1
a1a7c5ca940f8ce0,2025-04-01,1
a19d80ff9a7491ba,2025-04-01,0
bfa6bd111bd5f765,2025-04-01,1
9901b51883da7d24,2025-04-01,1
a966f78d4543446f,2025-04-01,0
9b742fc8da67bc4b,2025-04-01,1
9687c75fef1adc2c,2025-04-01,0
8c8d2d1b2bf89516,2025-04-01,0
8af6bb04368eee5a,2025-04-01,0
98dcb02548793ef2,2025-04-01,0
a4ee271f43686d0e,2025-04-01,1
a85511b417927b63,2025-04-01,0
92e364a21edec883,2025-04-01,0
be4e792b4d4d7fd8,2025-04-01,0
841d2fa7a29fc44f,2025-04-01,1
89cad17187598b1b,2025-04-01,0
b881df9ae17966ca,2025-04-01,1
aaab7d7246bbba6c,2025-04-01,0
9965f2d539033a19,2025-04-01,0
83bf9873a841b9af,2025-04-01,0
93d0d550e45931cb,2025-04-01,1
b8b332d81c029053,2025-04-02,0
a081c20a4640fdc3,2025-04-02,1
9f323e557738cc27,2025-04-02,0
8de94e3b07bdf084,2025-04-02,0
87b69be686d08219,2025-04-02,1
91596601266a39bc,2025-04-02,1
b9167afa07550cc3,2025-04-02,1
94597783543433ba,2025-04-02,0
87bb6477d2ee090f,2025-04-02,1
94684153fb0a5fdc,2025-04-02,1
aabd0063baec107a,2025-04-02,0
a9be40449654643f,2025-04-02,1
840a6e8ecb54ab78,2025-04-02,0
980affd509076313,2025-04-02,1
83caeba58ae765df,2025-04-02,1
b07c4fce720eb745,2025-04-02,0
ada43af60db61dbf,2025-04-02,0
97589b07774d5da7,2025-04-02,0
a0d7225825900930,2025-04-02,0
90771f3299aef796,2025-04-02,1
b6c0d987ed463df3,2025-04-02,0
8f1c1b19ea7245a0,2025-04-02,1
8e5e748368d73d97,2025-04-02,1
bf8be08f4091b8c2,2025-04-02,1
a5e5fd80d7b39a2b,2025-04-02,1
936ee2ed6ff2da65,2025-04-02,1
86b3d0b018dc7923,2025-04-02,0
acb937133b03a94b,2025-04-02,0
93893802ea4634cd,2025-04-02,1
b3f43d989d5be8ff,2025-04-02,0
b5ebbb7c786493cf,2025-04-02,1
b3d6debe51e8daef,2025-04-02,0
b6a2e952bf777cc3,2025-04-02,1
9a54f27ab8da42d5,2025-04-02,0
9196b199a68dc48e,2025-04-02,1
83a39014f5111185,2025-04-02,1
aca20cb9ef68d428,2025-04-02,1
a50e0f9d90d5ece9,2025-04-02,0
b37392e851e3bcef,2025-04-02,1
b357dcdc665c9b7a,2025-04-02,1
8cc52ef5470524b3,2025-04-02,1
804c2ba65fa98255,2025-04-02,1
9e1365dfef2d419a,2025-04-02,1
ab3285576e367414,2025-04-02,1
8e27160a5d2e07f5,2025-04-02,0
94a1cc4a4e4c8978,2025-04-02,1
92c6e485749e51d0,2025-04-02,1
b60ef689be1a8408,2025-04-02,0
bad82c659c5c4d25,2025-04-02,1
8be0463a1872f37e,2025-04-02,1
8c5f5a84453c7c51,2025-04-02,0
b5215c8d41632750,2025-04-02,0
90f262964428f2c0,2025-04-02,0
ac0a63f8d5081efb,2025-04-02,1
9b1434b8fa5c9681,2025-04-02,0
95855d5faaec5716,2025-04-02,0
8e18ce4b64c55025,2025-04-02,1
a30d74e0bd40da5b,2025-04-02,0
987691d4c0918642,2025-04-02,0
b8a766ef79371f7f,2025-04-02,0
ba450f7dc63da5ea,2025-04-02,1
af43a03bcd70a57c,2025-04-02,0
8af031b224cc10e6,2025-04-02,1
8dbfec3b0884f811,2025-04-02,0
94efcfbb021f9086,2025-04-02,0
b86f58a9dff8d3d2,2025-04-02,0
bcff5d767600e338,2025-04-02,1
96cda355abe01f62,2025-04-02,0
86a68b121834c8fa,2025-04-02,0
9bdcde5ed99b9190,2025-04-02,0
bce035af5d7e1306,2025-04-02,1
a4f0d7eed6aefd70,2025-04-02,1
bfa23b75a21f1e34,2025-04-02,1
8f2cedc30b993ba0,2025-04-02,1
97bf7c7b0528cef6,2025-04-02,0
b42e2dce434932f8,2025-04-02,1
b762810741627a14,2025-04-02,1
bddc60e2dbb46e3a,2025-04-02,1
b183b834f3ac8f59,2025-04-02,1
8993b22e438201e2,2025-04-02,0
b82129284010ba27,2025-04-02,0
9108eed90c32bdf7,2025-04-02,1
ad2497b58458ce05,2025-04-02,1
be0244012222ab3a,2025-04-02,0
8c89997a0fb3f211,2025-04-02,1
8f9b39d2ae15f00d,2025-04-02,1
b90add02555e362b,2025-04-02,1
9c0c0da55e2cf7f1,2025-04-02,1
8d005a19246d8ce8,2025-04-02,1
814a1e3177b81e1f,2025-04-02,1
9aac8d5be6658d03,2025-04-02,0
b3e102c5d4cfdf39,2025-04-02,1
9e236e5623e588f2,2025-04-02,1
81b451b700a9b6a5,2025-04-02,1
a451f934552e0da0,2025-04-02,1
947f739c8719ae75,2025-04-02,0
b88b2ec729557b61,2025-04-02,0
a6d77061b330071a,2025-04-02,0
97e8524dae565eea,2025-04-02,1
bdd1c7f6ea1be62f,2025-04-02,0
a92f1596d11ddcaa,2025-04-02,1
9fc8bd4d1a9ab79e,2025-04-02,0
a5e3446981911b99,2025-04-02,1
9e1a469da512da26,2025-04-02,1
be716b73bae504a2,2025-04-02,1
9161db09f56fee3c,2025-04-02,0
96e6d80d14669cf9,2025-04-03,0
8c0231fe299e631c,2025-04-03,1
8729b0e0f045eeac,2025-04-03,0
b6826739cb226259,2025-04-03,1
bed9f07f08e4f6cd,2025-04-03,1
b03d3e80aca00061,2025-04-03,1
aad1b24f18369ec6,2025-04-03,0
9ad1deb911da6660,2025-04-03,1
bb9c8f17ffb3c852,2025-04-03,1
803282dd97e93c0c,2025-04-03,0
a444e3658fce4231,2025-04-03,1
bcc3dbeb24bcfd16,2025-04-03,0
81d526788e4317ab,2025-04-03,1
8640bcc6e528b005,2025-04-03,0
bf7c8e1f77443360,2025-04-03,0
a7638378a9ff88a1,2025-04-03,1
85cf9cd7bfbf51a2,2025-04-03,1
95ac684afa1ed63e,2025-04-03,1
8b2147004ca7ed6c,2025-04-03,1
a7260e55b07a0e0b,2025-04-03,1
ba51ff713dd8bf97,2025-04-03,0
b26b30c475744345,2025-04-03,0
b04cffd71c82b051,2025-04-03,0
a85e7777462e721e,2025-04-03,1
8a514cb1a3164b77,2025-04-03,1
92e0a03b29e892fb,2025-04-03,1
a69b09af012b7ec4,2025-04-03,1
87796ad13e237e14,2025-04-03,1
866871ddb837df35,2025-04-03,1
91af530d03b6c2a3,2025-04-03,1
bfdfa58e51faac48,2025-04-03,0
9bc05b133bbf78c3,2025-04-03,1
8965459f90a2c529,2025-04-03,0
81c777370481e81a,2025-04-03,1
806c4b1fd2f6f709,2025-04-03,0
b06ab9c8764f66be,2025-04-03,0
a0986076c7c33d82,2025-04-03,1
97e758cd1d2e7f84,2025-04-03,0
88b39cc3899b7306,2025-04-03,1
b9c423fddbc07912,2025-04-03,0
ae6638ab8102982b,2025-04-03,1
ac70fc9fe215e6e0,2025-04-03,0
ad91d80c5da4c8f2,2025-04-03,0
b72946ea4321c27b,2025-04-03,1
8894280be6044ee9,2025-04-03,0
bc29fde71b5832bd,2025-04-03,0
8ad06d022e429a07,2025-04-03,0
9ac3595d2157b9d7,2025-04-03,0
ae97e44cdc92cbdb,2025-04-03,0
b421fc80187af87a,2025-04-03,0
af51e517f3c25aaf,2025-04-03,1
b62b2f933e5c383e,2025-04-03,1
924f264015505b46,2025-04-03,0
a66cd3bee9777e4c,2025-04-03,1
b9b5853115440882,2025-04-03,0
9b39799e9f71e5d8,2025-04-03,0
b0e15fee45564a78,2025-04-03,1
99d4dfd996fc9cb2,2025-04-03,0
b553e71372853f65,2025-04-03,1
b78510e05ec8552e,2025-04-03,0
b8b0689aca8f0467,2025-04-03,0
abac9601ae4f68f0,2025-04-03,0
986d4fb6d1b9fbbb,2025-04-03,0
810bb48e0f1b66f6,2025-04-03,0
8a53d5296855a98b,2025-04-03,1
a64afa3a9c8692d8,2025-04-03,0
b60c7d81b359886e,2025-04-03,0
89bd0bd1dea89ba0,2025-04-03,0
8016edc63ddba4b9,2025-04-03,0
9850c8af13c9ec0a,2025-04-03,1
a70f04babaabea62,2025-04-03,0
8b4f187eddc48522,2025-04-03,0
9245fdca2fc61db6,2025-04-03,0
897b4bf89f4ce348,2025-04-03,1
ba107b89cb210a1f,2025-04-03,1
8515c39f31cab897,2025-04-03,1
b576956de89d525f,2025-04-03,0
aed71775048c3433,2025-04-03,1
a8c1b8a003ccbc9a,2025-04-03,1
adda1a8726d8777e,2025-04-03,1
9563f3e7b0ed3cd7,2025-04-03,1
acdad9d2591556c9,2025-04-03,1
b4a34ea9140dee55,2025-04-03,1
a7ab58aa82228aff,2025-04-03,0
a9743bcdc7644860,2025-04-03,1
925c6e5cdd657072,2025-04-03,1
aef6ab4229844336,2025-04-03,0
bcb3292fa9e81bce,2025-04-03,1
b50f6e0fa26d8348,2025-04-03,0
b7aabbc3c7ba84e9,2025-04-03,1
8afab85252e6720b,2025-04-03,0
a5de432d8fe36d1f,2025-04-03,1
9c7c77312cc9325d,2025-04-03,1
a1ef32e8a15f8b0f,2025-04-03,0
b9779b893802a480,2025-04-03,0
b022412dd16dfa2c,2025-04-03,1
90b6dfb4cb8eef91,2025-04-03,1
a60ef5b6efeb89cd,2025-04-03,1
b0d04fdc0a4256c2,2025-04-03,1
a9b95027395a3f57,2025-04-03,0
bdc4daf9df65bc7f,2025-04-03,0
b0b1dd7e439dd3cb,2025-04-03,0
9d3b7f3677063421,2025-04-03,0
ad7e560117f7ee4f,2025-04-03,1
be24cbe344ce496c,2025-04-03,0
ac0c080ddd668ce6,2025-04-03,0
a91eb329f55dc3dd,2025-04-03,1
8b24a9050be755e6,2025-04-03,0
9d4648f5d4d4d4ca,2025-04-03,1
a4d8c516e812819f,2025-04-03,0
9fd5735ff8438782,2025-04-03,0
bfb62d2a48c21617,2025-04-03,1
ab83755d0bcd76ed,2025-04-03,1
8fad618fe991e594,2025-04-03,1
8fd05ca2dbafbca6,2025-04-03,0
ab4de964d09225ec,2025-04-03,0
ac07df4a32f737f6,2025-04-03,0
a0ca1b942b246334,2025-04-04,1
8ca4f79a505d3a2b,2025-04-04,0
9b2bf7efdc6ef0af,2025-04-04,1
b6e134968284c42b,2025-04-04,1
ab7c6012823d12d1,2025-04-04,0
a51c9f3e76c2f29e,2025-04-04,1
8fbb331bf9dba58e,2025-04-04,0
8eeacace47312ffe,2025-04-04,1
8ee0992d9200861d,2025-04-04,1
a7b22608b23f12cb,2025-04-04,0
983badd350f4514f,2025-04-04,0
9c433c8945dc8d06,2025-04-04,0
8cf0d6cb735ad264,2025-04-04,0
85dc7da891a393e7,2025-04-04,1
a6731efb7244d75d,2025-04-04,0
882ac4c79603ecb3,2025-04-04,0
a3524fa5033f586d,2025-04-04,1
a55161c937c37888,2025-04-04,1
988cf4480b2848ca,2025-04-04,0
b57f45f17cefdad0,2025-04-04,1
8cffc28b97d92c0c,2025-04-04,1
98f5ec393c4bf093,2025-04-04,1
87de95a9c5410b58,2025-04-04,0
935eaf87370f5336,2025-04-04,1
8e850663a9925806,2025-04-04,1
971691b271152b5c,2025-04-04,1
af29400132b5a191,2025-04-04,1
916fcc35647b07b1,2025-04-04,0
89e2ca92d671e422,2025-04-04,1
8b0dfa97d0f00b4f,2025-04-04,0
a6f4ca4d252741f1,2025-04-04,0
b587135873dd6597,2025-04-04,1
940e5d1a831323ca,2025-04-04,0
b76b6f94782a6749,2025-04-04,1
97f72aca710a6781,2025-04-04,0
ae74ee1734d88f33,2025-04-04,1
9ac66859f12a2983,2025-04-04,1
99e0ae28b1e26c27,2025-04-04,1
ae16640c8f69425c,2025-04-04,0
8fdf4fc42821dc0d,2025-04-04,1
86987c5397260be6,2025-04-04,1
935b64b73f04cb88,2025-04-04,1
adf7e096b974dc6f,2025-04-04,0
8d188666e17335d1,2025-04-04,1
ad92c1225bf446b8,2025-04-04,0
9865871881dcdec1,2025-04-04,1
b4d50cd00da09edf,2025-04-04,1
94de9aa2de5259fd,2025-04-04,1
bfc49de13dba102f,2025-04-04,1
9ef642cd674553aa,2025-04-04,1
b4e5cd9e71e94be1,2025-04-04,1
945b0383e6b38820,2025-04-04,0
8ebf4558b24f22d4,2025-04-04,1
80f6a7fd1b86f5d7,2025-04-04,0
8c1522b18373faf4,2025-04-04,1
8bfe1134d7d82e77,2025-04-04,0
9ff64ba24c601333,2025-04-04,1
859faca0bc6d28f3,2025-04-04,1
845d38f5cb9f0cb3,2025-04-04,0
ac233577cf279a34,2025-04-04,1
b05878bf14b1a970,2025-04-04,1
a7dfa77ae1e3b329,2025-04-04,1
9b64872fea03a469,2025-04-04,1
899ba675cc3faa74,2025-04-04,0
aeccccc2abd883b3,2025-04-04,1
826016c41afe518d,2025-04-04,1
929b6ba89e56a555,2025-04-04,0
be54cc44c19bff76,2025-04-04,1
8ab153535fbcd600,2025-04-04,0
93dabe30ce5dfe8f,2025-04-04,1
b7446fa4d7e5b78d,2025-04-04,1
82b3b989dd9879d7,2025-04-04,0
88ed79f4e5b67175,2025-04-04,0
a4434c0d016f859c,2025-04-04,1
aafd38505dcd9082,2025-04-04,1
903a6e78d75292fd,2025-04-04,1
9580dbd91c010510,2025-04-04,1
b9108901b6a319ef,2025-04-04,1
a30752102d9ee983,2025-04-04,0
923be29b566e47a6,2025-04-04,0
a01f42800ac4dea1,2025-04-04,1
9aacc93ca1ca2611,2025-04-04,1
9835ee0881dcd3ff,2025-04-04,1
aeb9ed0a21e8babd,2025-04-04,1
91bc9870753dd9b4,2025-04-04,1
b762bd49f0743560,2025-04-04,0
8de73019c1f268b6,2025-04-04,1
883f130411db9b0e,2025-04-04,0
a55ec65db86138b6,2025-04-04,0
94a7b1bd0e077bd2,2025-04-04,0
9f352c3d93e62a36,2025-04-04,1
804db6e6c1b17089,2025-04-04,1
9510b8afba04ab30,2025-04-04,0
b7f3a692d4bfc47c,2025-04-04,1
b3fcd7f51a85419b,2025-04-05,0
9bcd90912a7f886d,2025-04-05,1
9db0f33fa554e753,2025-04-05,1
8fc6a27c9df886c3,2025-04-05,0
b363b839cb2c6ffa,2025-04-05,0
a94ecd2338db8148,2025-04-05,0
be520e522aa1e694,2025-04-05,0
a51191fb74d265f9,2025-04-05,1
a4123058717693e8,2025-04-05,0
887bf9ddef19392e,2025-04-05,1
ba85d99a9f789f40,2025-04-05,1
9a795f4a629c6a76,2025-04-05,1
9f11a207f3fe29bd,2025-04-05,1
a3e3c4f1561aba8f,2025-04-05,1
94629f4d523babf3,2025-04-05,1
8f87133a948fb3b4,2025-04-05,0
82b327a3cd342965,2025-04-05,0
b883d20147f789a0,2025-04-05,0
9a896dc933ef709b,2025-04-05,1
b87d88c1c2f111de,2025-04-05,0
a2a2b866e77908ab,2025-04-05,0
93a2fdecf20cbbcb,2025-04-05,0
b96cd732bda23828,2025-04-05,0
b929d2c3e97420f2,2025-04-05,1
bba653b8c4b410eb,2025-04-05,0
98f665fe0999c2f3,2025-04-05,0
b83ba12714e655ea,2025-04-05,1
9f420209e7d129f3,2025-04-05,1
8796104594e05250,2025-04-05,1
a0c5a01467cbcf89,2025-04-05,1
b8bb62859961a546,2025-04-05,0
98c4ceae25f8f63e,2025-04-05,1
81f3c041b1ec6ba8,2025-04-05,1
bcae6f5ac9407d04,2025-04-05,1
8111a2e1a36b0d80,2025-04-05,0
83af834783999b8e,2025-04-05,0
a6278ce870302705,2025-04-05,1
8d2b4b2224533a72,2025-04-05,0
a0cacf00d26c6dad,2025-04-05,0
be4a7ef0a2588922,2025-04-05,1
ba31c6d6c7cf138b,2025-04-05,0
afc797789c5aa5a1,2025-04-05,0
b11fd5991821bcf4,2025-04-05,1
9adff450a04064ad,2025-04-05,1
87ba7ddec79b6083,2025-04-05,0
a75f9fa6343fcb48,2025-04-05,0
aa42e8eab6a3383b,2025-04-05,0
8ed694f75b471332,2025-04-05,1
b26a40713eee0c49,2025-04-05,1
a2dd9a1b61c82e32,2025-04-05,0
9656ff41789633c8,2025-04-05,0
9f8ceddfdc7d4f24,2025-04-05,0
86ccc888d4d7b7b8,2025-04-05,1
a658ea43dd06023d,2025-04-05,1
a0b8189c5ab6db9a,2025-04-05,1
84ec50f1b3c76139,2025-04-05,1
b1b61b87f0898114,2025-04-05,1
abddd9cd3579a460,2025-04-05,1
93bd908090ecdcb7,2025-04-05,1
a3c028326e7cbd39,2025-04-05,1
abcc9f81b20cf7df,2025-04-05,0
a69c80b81462b035,2025-04-05,0
8249f06736ee4e31,2025-04-05,1
9c0fdc9d249065cd,2025-04-05,1
8a39bc193ea990c3,2025-04-05,1
ba2fcdee29040e9b,2025-04-05,0
b77f0d47de362c4e,2025-04-05,0
b3dc5e255e93187c,2025-04-05,1
89ce547ab8198c7f,2025-04-05,1
8aafad1c3d8d0709,2025-04-05,0
853f6cc9bf3d82c0,2025-04-05,1
bd1473214afedcbe,2025-04-05,0
96ee4fe95107fe2b,2025-04-05,1
be36bd1f19edd82e,2025-04-05,0
af31db192430db80,2025-04-05,1
9c55422ce1adb5f1,2025-04-05,0
8dba170056a12058,2025-04-05,1
a891b15a19a661f4,2025-04-05,1
9782b83ba9ad8bca,2025-04-05,1
a8297c78c66a4c16,2025-04-05,1
9389bbb64417edc0,2025-04-05,1
83e3a1e15505519a,2025-04-05,0
9c19e0b1a22659a4,2025-04-05,0
873591bb581f2166,2025-04-05,1
84481fd3444f33bb,2025-04-05,1
8526f47108420767,2025-04-05,1
af2f215bcb0bcb7a,2025-04-05,1
8a4c29ca41143935,2025-04-05,0
ac322abfe27da4e5,2025-04-05,0
924b8bd5dd008024,2025-04-05,0
96a7b9b60556a50c,2025-04-05,1
8c371b66172c5a86,2025-04-05,1
858a1aac7ed80fd5,2025-04-05,0
90a6c7f67ff83813,2025-04-05,1
ae51c4ccc3b60eed,2025-04-05,0
b0ab3ceeb00a3dbe,2025-04-05,0
b1bde2a3edb97b61,2025-04-05,1
8578cd74b0eb2c83,2025-04-05,1
87ad2efb531125fa,2025-04-05,1
9e1ab6fbe2d47294,2025-04-05,0
924ae7a6e79aaa93,2025-04-05,1
a0cbbbb60b4bb25d,2025-04-05,1
b7ad89e43b5bc6b9,2025-04-05,1
b1ce91e92cff0f62,2025-04-05,0
b0e7acccd0039f29,2025-04-05,1
9a2879a2fa96241e,2025-04-05,1
adea6ff93b8aede0,2025-04-05,0
997c632a52d5d835,2025-04-05,1
92f773cbf7640ee1,2025-04-05,0
b0e7522cf201fd5f,2025-04-05,0
9d587ad309daf548,2025-04-05,0
84487f24b6b5e600,2025-04-05,1
bce832a020e0c728,2025-04-05,1
bc3134fc8f751ca8,2025-04-05,0
af7f2ea9c95d2d4b,2025-04-05,1
968aecc539496d40,2025-04-05,1
9009ef8067c8f6af,2025-04-06,1
9cd08e2372d6a0ec,2025-04-06,1
9967893766880aae,2025-04-06,0
88d73597a1eb3543,2025-04-06,0
a315e4a6a5390cc2,2025-04-06,1
a9190643c6a39fce,2025-04-06,0
b1f1967732c2f622,2025-04-06,1
87361119dbd851fa,2025-04-06,1
a4229ba1f67110ed,2025-04-06,1
b4f370025035c93a,2025-04-06,1
82df92705fd226bd,2025-04-06,0
96542010ca47bbdc,2025-04-06,0
991f227764e971b7,2025-04-06,0
bc603a5933a3aae2,2025-04-06,1
9bc404aa4b8cf529,2025-04-06,0
b3c326421666a319,2025-04-06,1
b5839380189e0dc6,2025-04-06,1
9660ab7cde0785e8,2025-04-06,0
ae69fb236e1be72a,2025-04-06,1
8fdd91bc61736af6,2025-04-06,0
9c0895008595766c,2025-04-06,1
82371d86e2c7c187,2025-04-06,0
8659a598669ee41d,2025-04-06,1
9b23fc4fc221c8d1,2025-04-06,0
abb597f086aa9e9d,2025-04-06,0
bace0f4622210af5,2025-04-06,1
9dd2c63833ef631a,2025-04-06,1
8cf203e7e7a785cb,2025-04-06,1
a9209b729ee4d0c9,2025-04-06,0
b38bfcc320473a1c,2025-04-06,0
a25bcef10922641c,2025-04-06,1
94c31d3ad85352c7,2025-04-06,0
8ed8d3966bb0258e,2025-04-06,1
b7cac4a78b0837fc,2025-04-06,1
b3353b9d521d4a15,2025-04-06,1
8202e3aecb298453,2025-04-06,0
8424a5d3cc1c0769,2025-04-06,1
aa049844d67800a2,2025-04-06,0
92747fc3bdcd1f64,2025-04-06,0
8c2b47db5e185e44,2025-04-06,0
9c44fc5c56a30905,2025-04-06,0
b529b3ce138b5283,2025-04-06,1
9257e0160c5a7292,2025-04-06,0
9666a5008e88c210,2025-04-06,1
9c1993a029119eab,2025-04-06,1
8b0744092077f415,2025-04-06,0
804bd19daa2c1018,2025-04-06,1
ad45c1d5ff524adf,2025-04-06,1
9d34d5158716195c,2025-04-06,1
b349ce3c67bfd85b,2025-04-06,0
83afe805e0569f33,2025-04-06,0
ad003d729d6584fb,2025-04-06,0
8656d61129490fea,2025-04-06,1
bacefdc3951ea408,2025-04-06,0
b02fb4b6653cd901,2025-04-06,1
babd0300c38355a7,2025-04-06,0
9fe0a5fedca11c4d,2025-04-06,0
86717d95b936a2a9,2025-04-06,0
9fdfaf7a0658629a,2025-04-06,1
b8de29e28a27b10b,2025-04-06,0
bc28b66646e36cba,2025-04-06,1
ab7ee435b9b09802,2025-04-06,0
94f3979a31d946d4,2025-04-06,0
a8fabcf24437191c,2025-04-06,0
89156b53af15cc7e,2025-04-06,0
84a444ac0438a377,2025-04-06,1
9975635d9ab67e7a,2025-04-06,1
b153e86d3dc9894c,2025-04-06,0
b19c8b0023e678be,2025-04-06,0
ae82808e4e6997d5,2025-04-06,1
a849c23ec5f49bdb,2025-04-06,0
be2ef2dba56669c5,2025-04-06,1
bafa174d78da87b5,2025-04-06,1
b2467c5f8673cb3f,2025-04-06,0
b570b57b7148ca88,2025-04-06,1
957f2b8c68f906ef,2025-04-06,1
be6054fca6606267,2025-04-06,1
b0c46f33257ef321,2025-04-06,1
a005af733047478f,2025-04-06,0
9e80277c3c2e7f28,2025-04-06,0
988a1ae6867fe90a,2025-04-06,1
b404df89717df927,2025-04-06,0
a299a7b36701389e,2025-04-06,0
b5b82588d4bee5b3,2025-04-06,1
bfe5d7af1c64fec6,2025-04-06,1
95948bfebbf0bfca,2025-04-06,1
84d872d5cfc314ad,2025-04-06,0
ab56348e8abcb73b,2025-04-06,1
907474f02a0c91ae,2025-04-06,1
8108c3bbbab89dfb,2025-04-06,1
87d847293c473692,2025-04-06,1
86ebe08b574114e2,2025-04-06,0
a07bef80ac58c86a,2025-04-06,1
898c2e5cc9183c83,2025-04-06,1
91b53ec0361dcf5b,2025-04-06,1
881a3e38a9d9cb15,2025-04-06,0
a98d9df4d46e2935,2025-04-06,1
8ae1627d04cde964,2025-04-06,0
a100a10562424ad4,2025-04-06,1
8500a343f493d99c,2025-04-06,1
8e0e569adb832ec2,2025-04-06,1
abdca0b4c4749d88,2025-04-06,1
b41d29e53a4c1d4b,2025-04-06,0
a248ba663051aeb5,2025-04-06,1
ab069b2a025c2820,2025-04-06,0
893819b1a5f479e7,2025-04-06,1
898ad6309f8fbb86,2025-04-06,0
9fa9897d2cad5ec2,2025-04-06,1
a90b32a6e159a3d1,2025-04-06,0
a4971cce5cbf50fd,2025-04-06,1
bc99375bb47dbb1f,2025-04-07,1
ab4867ec687362b0,2025-04-07,0
969f4ea11d9d3833,2025-04-07,0
a56138907843a4fe,2025-04-07,1
9f3c642ddb0f1dfc,2025-04-07,1
96bb5b72545ddeab,2025-04-07,1
afbef321219d719c,2025-04-07,1
ab4a36a6b822094f,2025-04-07,0
b4b7cb89e25ae7c8,2025-04-07,0
8a1f2c4a6426a345,2025-04-07,0
80f4c2c2c5c19864,2025-04-07,1
a830f5defcbd08ca,2025-04-07,1
acd23ea203f4d2fe,2025-04-07,0
ba777733b9dc7eea,2025-04-07,0
abb6eec7a03c8c90,2025-04-07,0
868334758c848066,2025-04-07,0
a7341f48361ab906,2025-04-07,0
b49fce81d4036ade,2025-04-07,1
9e032c24d0e6fc24,2025-04-07,1
bfcca854eb79496f,2025-04-07,1
803a31173212311a,2025-04-07,0
88e2e950bb387676,2025-04-07,1
b656dc40af8b8c33,2025-04-07,0
b625af429edf3c70,2025-04-07,1
89a636ae8e900aaa,2025-04-07,0
9cd821134e3f0f11,2025-04-07,0
b88fa935923dd3d3,2025-04-07,1
a5b84ae77fa432a9,2025-04-07,0
967bdf58017e11c0,2025-04-07,1
a8fe9503362012a1,2025-04-07,0
841832829d8fe974,2025-04-07,0
9b7e18ed629308e8,2025-04-07,1
bc651a6e5bc2d1b3,2025-04-07,1
9adce1e56447d550,2025-04-07,0
843c179862345f79,2025-04-07,1
9136f7b4229acb1c,2025-04-07,0
be93af62cf8e5ea0,2025-04-07,0
944f2afb350d02f4,2025-04-07,1
ae9026aa3aaee43b,2025-04-07,0
b4f6d7c2317dae28,2025-04-07,1
a62cfb1f632b404e,2025-04-07,0
9b4f1c8a1da11d36,2025-04-07,1
8cfbc642a889e0f3,2025-04-07,1
9666be2c74eed4b3,2025-04-07,0
9093e34d9f3a31d6,2025-04-07,1
be09167c33a73d89,2025-04-07,1
a65a62e53ed2339e,2025-04-07,0
96e81f23bc5900d7,2025-04-07,0
aa4ea26bf273baa4,2025-04-07,1
82ea624dcfe7a953,2025-04-07,0
88e571fe16d765d1,2025-04-07,0
bcfb11fab55c625f,2025-04-07,1
b9f08699756a8144,2025-04-07,0
821d2f745e448bb4,2025-04-07,1
81905100904f039d,2025-04-07,1
81a90cf6d40c4359,2025-04-07,0
9e298c850748f290,2025-04-07,1
bff70f62c7163bdc,2025-04-07,0
813bd77a21c3934b,2025-04-07,0
ae901d081729f9be,2025-04-07,1
8a3c2fda5c5a3641,2025-04-07,1
94d48a18ff552200,2025-04-07,0
8a917aee7af9ac64,2025-04-07,0
a5f8b7a008f91ceb,2025-04-07,1
b9db3a54147bf7fe,2025-04-07,0
a8874ca820f5bcfe,2025-04-07,1
aa894cdac1332b6b,2025-04-07,1
974831a69e80d841,2025-04-07,0
9f578d066d915e47,2025-04-07,0
81e99a9efd752f19,2025-04-07,0
85a467cddef9dd2d,2025-04-07,1
842e9418b24d3ff7,2025-04-07,0
87f7813c49d44d84,2025-04-07,1
b358f5f2748367f2,2025-04-07,0
bb930045dc7e9b9d,2025-04-07,0
b0d46b60a3db4368,2025-04-07,1
a2be946ae5fe0fb5,2025-04-07,1
885c37b70e435ca7,2025-04-07,0
b761dc55b7ecf273,2025-04-07,1
b8699a09edd87ac0,2025-04-07,0
b950745fe4798c8a,2025-04-07,0
93fcb30472b4298f,2025-04-07,0
9363a59fd262c182,2025-04-07,1
b987965b8db13930,2025-04-07,0
97daaac4921f1042,2025-04-07,1
bebc4739b9d1b371,2025-04-07,1
9c8c2433afdcbba8,2025-04-07,1
b300ee6754524583,2025-04-07,1
87fd0e6ae580e96f,2025-04-07,1
b1f5ae09aae89650,2025-04-07,0
b03cd6d1966e6e66,2025-04-07,0
b7a27e50f5c2eb87,2025-04-07,1
b4c87a95108a770c,2025-04-07,1
9395cdce96164e4b,2025-04-07,1
991218bbcb6de7a5,2025-04-07,1
af62f790f7f08ed5,2025-04-07,1
864db3547d8e0ae7,2025-04-07,0
bf25c3bc1ea6bd69,2025-04-07,0
825fd031f15a7212,2025-04-07,1
85d21d1691a452d8,2025-04-07,0
98da768eef6ba6d6,2025-04-07,1
a31d7039b4b90410,2025-04-07,1
85a37333ff560c34,2025-04-07,0
9ecd096abc77ff97,2025-04-07,1
a8c9203f45544502,2025-04-07,1
a128fb80c4aa55c0,2025-04-07,1
a5d7547ef37bc134,2025-04-08,1
ab39a4876ea3568c,2025-04-08,0
93d60864e3d6eca1,2025-04-08,1
b535404ab4ead86b,2025-04-08,1
9a414656eed994ef,2025-04-08,0
818fd05f8cdd1744,2025-04-08,1
9b498510ab052842,2025-04-08,1
b926067738226853,2025-04-08,1
8c13160a4f2a9e77,2025-04-08,1
bcf2eb2ddb948184,2025-04-08,0
822d4c80b0276b10,2025-04-08,0
a1b7828bf0788ef6,2025-04-08,1
8e82820cd09a5a64,2025-04-08,1
b3e28e631ea1d827,2025-04-08,0
bf5b0ebcecf97c46,2025-04-08,1
8e1ddf941d45c3ee,2025-04-08,1
99b2dc03e8b2349b,2025-04-08,0
bbce31620ab199ae,2025-04-08,1
a17b5f5b2719295d,2025-04-08,0
b93ead8805a47f7d,2025-04-08,1
98ccd511ddeb4586,2025-04-08,1
80e73f2197da175d,2025-04-08,1
aace369febf9299a,2025-04-08,1
ba0a4b34cce27995,2025-04-08,0
8c55e0be8c540942,2025-04-08,0
926517dee7214be9,2025-04-08,1
a19a58ee16840592,2025-04-08,1
82a5ab9bb33cc9f6,2025-04-08,0
b8fe9538fc232fc8,2025-04-08,1
824f17d86d3a88be,2025-04-08,1
93ee5e0eb2a91f36,2025-04-08,1
b2441c47a3227c08,2025-04-08,1
94cf39fad631af44,2025-04-08,1
aaed5d47e927de46,2025-04-08,0
819f5cf25c7239b8,2025-04-08,1
b4b79e2f26ea57c7,2025-04-08,0
85ce2d105776fb8a,2025-04-08,1
8a1d62ae268af5fc,2025-04-08,1
9a6fc6962a269a25,2025-04-08,1
b61af65eeb65a602,2025-04-08,1
b49403dd2aa2d79d,2025-04-08,1
9f1ba57a28f0395f,2025-04-08,1
970b157daf92f4e8,2025-04-08,0
b55fd6ac4c161362,2025-04-08,0
9275b5f2858ce0a9,2025-04-08,1
b9127a3b788af29d,2025-04-08,0
91d3fe2a85ec92cb,2025-04-08,1
8413b64fc9a1cccf,2025-04-08,1
a96d3a3b60123c33,2025-04-08,1
b3960c722ed8907d,2025-04-08,0
a5e9f31455fcb7eb,2025-04-08,1
b05498a954a6340f,2025-04-08,0
bd12e8dfa7e78201,2025-04-08,0
b84016fda771fb8e,2025-04-08,0
98da7463b8fd5de4,2025-04-08,0
9ed3b1d5db23e2ad,2025-04-08,1
ad195e1adc864ba5,2025-04-08,1
bd59bc3bb57e4e8d,2025-04-08,1
80ff39a2afe5ee08,2025-04-08,1
be2217574764e3cb,2025-04-08,1
9074dda98eabc0fa,2025-04-08,1
a37f4ed3622013ed,2025-04-08,0
96b3f5888c25bde2,2025-04-08,0
8da2c684cdfa7315,2025-04-08,1
b06f83c744ca4358,2025-04-08,0
b12145a291a7cec5,2025-04-08,0
aff59a2697bf452f,2025-04-08,1
a4f5b153dff6a000,2025-04-08,1
a5987f20c30bd342,2025-04-08,0
99bf0c951c59c29e,2025-04-08,0
b3070e1a052ec9b9,2025-04-08,1
aaa5decf6b98cb72,2025-04-08,0
b87f1b744f2b3219,2025-04-08,1
b052e71794544aec,2025-04-08,1
ad25887d5732af8b,2025-04-08,1
8de78f69ee0f7baf,2025-04-08,1
b94f56fea705d924,2025-04-08,0
9cdb1adf5a7acb89,2025-04-08,0
8521d236fe9f5cd6,2025-04-08,1
a0899aeb2c18ffe7,2025-04-08,0
9b960eb062a805a3,2025-04-08,1
84baeaaaf45e69d0,2025-04-08,1
bf818c8d306ec3fd,2025-04-08,1
a764e472c48df0dc,2025-04-08,1
ab404a237d1b9ea4,2025-04-08,1
808d027e7225703a,2025-04-08,0
b4c014a1162610a4,2025-04-08,1
80cb39ac48b74ead,2025-04-08,1
a8661f732ee96738,2025-04-08,1
b10bf0c18a4a4721,2025-04-08,0
99ea11f0a02a3a14,2025-04-08,1
952b71354005c214,2025-04-08,1
8fe5cd9cbb17c3a7,2025-04-08,1
9fa990f086219637,2025-04-08,0
8043083202360ed2,2025-04-08,0
84efc92542edc064,2025-04-08,0
8794b6b4c322398d,2025-04-08,0
a4e2548843e86d51,2025-04-08,1
8eb4cf62ea48c515,2025-04-08,1
9d103ca52a81dbdb,2025-04-08,0
870ebdae5b542eef,2025-04-08,0
87501735c00b8aac,2025-04-08,1
965bdf63b98b972f,2025-04-08,1
ac40fd6796002881,2025-04-08,1
8b8f4cb26864152a,2025-04-08,0
9c78d94d3862b4dd,2025-04-08,1
afd7525d11fdd691,2025-04-08,1
8c89693f393060a7,2025-04-08,0
af80b3419b04e78e,2025-04-08,1
a44897091906e8dd,2025-04-09,0
a2d3e0f669069353,2025-04-09,0
a9ad8b135e20a273,2025-04-09,0
834b040e849d94b8,2025-04-09,1
b7a714d3fc3e099c,2025-04-09,0
83a323c885099539,2025-04-09,1
9a92a6bfe7aa486a,2025-04-09,1
908fa66be83ce5b5,2025-04-09,0
91679cd788971cea,2025-04-09,0
b0676c89219b53f3,2025-04-09,1
9d6bc3be2df393cf,2025-04-09,1
a03b355ba45938ab,2025-04-09,0
bea47f548d6877fb,2025-04-09,1
9e407e692299fef2,2025-04-09,1
b87b1d88bb8670ea,2025-04-09,1
8a5f28bbe9e82214,2025-04-09,0
9c79cc27fedee5a8,2025-04-09,1
86dde88f1b96d58b,2025-04-09,1
a3e63c498e9a052b,2025-04-09,1
ad5d580d18cfd258,2025-04-09,0
960a1f6e036dec6b,2025-04-09,0
a2e76b7097f5ce38,2025-04-09,1
a91496d2025f54d6,2025-04-09,1
a47dba1bf393121d,2025-04-09,0
bc89181274447b1e,2025-04-09,0
818a96de75b7f4cb,2025-04-09,1
b15620ff1b7f4585,2025-04-09,0
93b6f109e072d6d3,2025-04-09,0
8a37541a274342da,2025-04-09,0
8a9be326c01734d5,2025-04-09,0
8ccc193110b8fbd4,2025-04-09,1
8ee68faf8259af2c,2025-04-09,0
ad0126efbc306e71,2025-04-09,1
a95ca649ff802145,2025-04-09,0
b670cbc5dfb0e046,2025-04-09,1
8794604d8bffac4a,2025-04-09,0
8f2b270cfa693881,2025-04-09,1
93fa9d90604c1f9f,2025-04-09,1
974be5f1c671e0d1,2025-04-09,1
b8ce609e1eeaca97,2025-04-09,1
98cd49b947293a9c,2025-04-09,0
99834a3422e36c34,2025-04-09,1
974355cff137f7b4,2025-04-09,0
a8255a1570f0408a,2025-04-09,1
ac77490d57b9538c,2025-04-09,1
b3cb6d236c6b8373,2025-04-09,0
84ba98ae1c0c1cf9,2025-04-09,1
b8289fe3fa270fdb,2025-04-09,1
bbc0f1132dbba60b,2025-04-09,0
bdccdcd74274e517,2025-04-09,0
b976b44b6dd8361f,2025-04-09,1
9fdbbfa907639da7,2025-04-09,1
a18196667a495974,2025-04-09,0
84e9f27b516f0dd5,2025-04-09,1
ad66789070c36e09,2025-04-09,1
9faa77bdb6a3ea72,2025-04-09,1
a599116045fda3a1,2025-04-09,1
945f0f0555f911e4,2025-04-09,0
913d06aff256fdce,2025-04-09,0
8a54bb8f3c319282,2025-04-09,1
a4c4fe59bf14bff6,2025-04-09,0
b5556a862a24bd0f,2025-04-09,1
98a71276df4f33e6,2025-04-09,1
ac887621d9b79b8c,2025-04-09,0
92505ee907b32190,2025-04-09,1
83cef272845d9980,2025-04-09,0
9f25ee8b74c508b9,2025-04-09,0
b7fead27eeb23ac1,2025-04-09,1
8699274aa9229257,2025-04-09,0
bba00ff33aecc855,2025-04-09,0
aef646fd401a1fd7,2025-04-09,0
beaa3f7b23ab8fc8,2025-04-09,1
a46391e3f0875b2c,2025-04-09,0
b92105f59c22de38,2025-04-09,0
9cbcbe838712866d,2025-04-09,0
bb818566da2739d0,2025-04-09,1
bccfc06b39b13496,2025-04-09,0
a31a5640735697cd,2025-04-09,0
8d741fc2d23ca728,2025-04-09,1
8a62a8ab9237eb3f,2025-04-09,1
a73a455e5e847507,2025-04-09,1
a78904aaccc1f7bb,2025-04-09,0
a2ae935095a5fe35,2025-04-09,1
a98a0c4de52d9541,2025-04-09,0
aec1ea663b74d535,2025-04-09,1
a3bf393b52e83206,2025-04-09,1
83b258c4e26082f3,2025-04-09,1
bb75f512fc204da4,2025-04-09,1
920854ae992db858,2025-04-09,1
b38760b58046ac7a,2025-04-09,1
ae6ca9c2cad7246e,2025-04-09,1
a5dc83174dc95b1c,2025-04-09,1
89abd88c43ed70fb,2025-04-09,1
a6805459801684e0,2025-04-09,0
995d39cff47739fd,2025-04-09,0
a04b13d142d02dd0,2025-04-09,0
882883300f877055,2025-04-09,1
8f9004c5cc3a058b,2025-04-10,0
8d2f01c8745e24dc,2025-04-10,0
a573671ee3569541,2025-04-10,1
80558051dece21b6,2025-04-10,0
80031d62fb89331b,2025-04-10,1
a4c143f1f792e1ee,2025-04-10,1
9dc87f8cb3c99866,2025-04-10,1
b4894927ea4ada0c,2025-04-10,1
89c2a21e148771ea,2025-04-10,0
b482b7367dc9fda7,2025-04-10,1
a9d0554f07d7852a,2025-04-10,1
a571223fbf369bff,2025-04-10,1
9487bc22e69df069,2025-04-10,0
b3bba5f23c27cd37,2025-04-10,1
a7a7ebe8161bdeb5,2025-04-10,0
a9230007c6bb6db4,2025-04-10,1
9882513ae5ac8d98,2025-04-10,0
9dbe8295d7b5ff37,2025-04-10,1
bdcc6af3f4579591,2025-04-10,0
a3e45915fbc18e79,2025-04-10,1
8a281c7fa21a1569,2025-04-10,0
b86745277ccf4535,2025-04-10,0
917337488416bbfe,2025-04-10,1
b03ebb5479f263e3,2025-04-10,1
975fba0d3f413fd9,2025-04-10,0
bf6fcac814a5672e,2025-04-10,1
8f2cac81aae72439,2025-04-10,0
8fab68a42fb5d460,2025-04-10,1
82eca6418e9085f4,2025-04-10,1
ad0bde9281b96d49,2025-04-10,0
904fc4cd5f4a97f3,2025-04-10,0
861eb342ea17f2de,2025-04-10,0
b1a0a3fc14862948,2025-04-10,1
bb86c709c5d448c4,2025-04-10,0
81dd623d5c302080,2025-04-10,0
8ec6f4e26cb4b3ea,2025-04-10,1
bd815fddc2cc019e,2025-04-10,1
ad3aeb3479271e77,2025-04-10,1
89ca81aee642de0f,2025-04-10,1
9ad50f621fc8f34d,2025-04-10,1
9d9fa9eac97d4f7e,2025-04-10,1
b4c05d37ed4e0192,2025-04-10,1
b48446abd35ecbf4,2025-04-10,0
bafd5bc6ef0d4d60,2025-04-10,1
8f79151a18bf009b,2025-04-10,1
aa1d8db1d1517600,2025-04-10,0
9ded6bb613ea0009,2025-04-10,1
9a51134ecbc5dcd8,2025-04-10,0
9cc5c81bbc5cfeb7,2025-04-10,0
8001c7971bf9d314,2025-04-10,1
b012d816a0ff7a22,2025-04-10,1
9eb20e4ac8e4ea40,2025-04-10,0
93148aebe8d8f837,2025-04-10,1
bf993ccbbbf06315,2025-04-10,1
b6a607ce23b82b94,2025-04-10,0
9d5407d941fc1e33,2025-04-10,0
9ef55193bc122b5b,2025-04-10,1
9b339bd0ec93b5c4,2025-04-10,1
939be0d6f2f4ec2e,2025-04-10,1
b549b18dfedfe65f,2025-04-10,0
bbd27abedba99c16,2025-04-10,0
8647b6011dc7ba00,2025-04-10,1
83fe7dc700553706,2025-04-10,1
bf6f50b0920992e5,2025-04-10,1
96803ed2bbff6545,2025-04-10,1
bc87f8baac35f489,2025-04-10,0
82c2a198b75b5a56,2025-04-10,0
aa5be95c88a47645,2025-04-10,0
b0c15b2b2865221d,2025-04-10,0
91ea3f940007f4d8,2025-04-10,0
9d2d79930a5e8547,2025-04-10,1
bc1150b6eca986a5,2025-04-10,1
a60515f20e03a35e,2025-04-10,1
be7eeceb17fda38c,2025-04-10,0
9806b9820bb89070,2025-04-10,1
92c2f46ae3dca82b,2025-04-10,1
910eccb142e84c27,2025-04-10,1
99a4dc5a5141cd0a,2025-04-10,0
83e59289181ba0e7,2025-04-10,0
80cd85544a152ffd,2025-04-10,1
9b4ed995e49dbb2e,2025-04-10,1
ba83030bcbfd77d0,2025-04-10,1
b3471abad3bed6b4,2025-04-10,0
96b473a3abf687c3,2025-04-10,1
b5d11ec02baa7bfb,2025-04-10,0
aacdc67048c19003,2025-04-10,0
86014ba837038ec9,2025-04-10,0
8fd44de7455795de,2025-04-10,0
8be6124832e636f7,2025-04-10,1
8668bc7cd4b6ffea,2025-04-10,0
b0b036433e8fa58b,2025-04-10,0
a6574d8e38dbb3b8,2025-04-10,0
842676c5f9b35593,2025-04-10,0
8e7af90fe900ecb8,2025-04-10,0
beff5b3a0abc9a1e,2025-04-10,0
bc07c20dd87a165d,2025-04-10,1
a19d41fcb63affe9,2025-04-10,0
8bd87d5d43190e82,2025-04-10,1
b9235213fc5b3a14,2025-04-10,1
8a03c70a8695e9be,2025-04-10,0
97dc97306fb07cc3,2025-04-10,1
b5179a6ee9e51e34,2025-04-10,1
be10e5e8cb50e10a,2025-04-10,0
afa3ae8b8fe3dcb3,2025-04-10,1
a1e8484a406e7b26,2025-04-11,1
a0cd8db948ab210b,2025-04-11,0
af0556f9e5c25693,2025-04-11,1
b1bc4f2b4674ed78,2025-04-11,1
bd6bc181e480f635,2025-04-11,0
91bf3e48e5caea04,2025-04-11,1
be2e7b08471c5b66,2025-04-11,1
8c9d7502665cb81d,2025-04-11,0
8dc6bc63f486b45a,2025-04-11,1
a7082e866db0681b,2025-04-11,0
9f2c1216bf6e0bb8,2025-04-11,0
ba645d6796a0747d,2025-04-11,1
b01b2624bec6ccf1,2025-04-11,1
af57c42fad9d3a81,2025-04-11,1
af9e4f11f56e18d2,2025-04-11,1
bca99a191292bac5,2025-04-11,0
9845dd2eade34a07,2025-04-11,1
9881377fca383a01,2025-04-11,0
8dc803a653d07a0a,2025-04-11,1
a75016617bc388b9,2025-04-11,1
bd8509f55106c9f7,2025-04-11,1
a8daa452b3699633,2025-04-11,1
aeb6f1b013fe6afb,2025-04-11,1
a13b34e51d0db4cc,2025-04-11,0
93e03346f184377a,2025-04-11,1
87c24bb1040e675d,2025-04-11,0
adcf1fca55e27860,2025-04-11,0
b08de242a2ee6a5d,2025-04-11,0
b0a88f0e125f90e8,2025-04-11,0
84f327ba7650ce16,2025-04-11,1
9657850eab6e77d0,2025-04-11,0
8220ec5f7b909f30,2025-04-11,0
807ac3718048e02d,2025-04-11,1
bfe7cf915b47e7a7,2025-04-11,1
af30f3013e0fc44f,2025-04-11,0
a0ae879c46b889e3,2025-04-11,1
9a2e2e16449714f2,2025-04-11,1
bb4dcfcb8859f961,2025-04-11,0
be93433d81a1e752,2025-04-11,1
9b29d6e55c2f9f48,2025-04-11,0
92a27dd8a8d4eb67,2025-04-11,0
8719f1a31c26f80b,2025-04-11,1
ada85b753c81ad9f,2025-04-11,0
953b191505442d3f,2025-04-11,1
8ee863a4af16bd99,2025-04-11,0
b5f7c37cfbd219e6,2025-04-11,1
88561565d1a6c3c4,2025-04-11,0
a4a2110118913e66,2025-04-11,1
9e6cb892c214f68d,2025-04-11,0
82b2d89e44ae6dea,2025-04-11,1
9520c211ebf3e0fb,2025-04-11,0
9609eef5f4551bd6,2025-04-11,1
9920439616145d20,2025-04-11,1
84f401d8e407da52,2025-04-11,1
835a897bb342ae27,2025-04-11,1
b7428d344d9de05d,2025-04-11,1
9092366221e520fc,2025-04-11,0
bd85e29ba76088e3,2025-04-11,1
a223a2357e1aba09,2025-04-11,0
b1224987e2ee251a,2025-04-11,1
a8a26c7219cf561c,2025-04-11,1
a4b2d477b8e7c977,2025-04-11,1
96a8bfbe7b3db249,2025-04-11,0
8b9adde9a1d5af92,2025-04-11,1
b25be2b2253770ad,2025-04-11,0
8afc51dcfde747a2,2025-04-11,1
894db12c13d5b3da,2025-04-11,1
af4ab7dc68801687,2025-04-11,1
93bacf8753966d9b,2025-04-11,1
842b8e2e1a658039,2025-04-11,1
ab98360946902c31,2025-04-11,0
b8cb78004c0d9883,2025-04-11,1
8fb81a9906d90fde,2025-04-11,1
aeb08ef258b2fd53,2025-04-11,0
b11a6384051402d8,2025-04-11,0
ac38ea70921e3807,2025-04-11,0
8076e8d803c86947,2025-04-11,0
b117fa9eb9bc4935,2025-04-11,0
8ddd47e8ec0434ef,2025-04-11,1
baaaa8d3c0d0aadc,2025-04-11,0
8855314de3f2c199,2025-04-11,1
97721d4c37443a3e,2025-04-11,1
8d24d173bc90e6a5,2025-04-11,0
923b7370078cedf0,2025-04-11,0
b04998e93eeb9848,2025-04-11,1
b27151dbeb7ebf88,2025-04-11,0
a1042b7c9f74480f,2025-04-11,0
ba20764ccdf414a6,2025-04-11,1
ac949ad669c3a70b,2025-04-11,0
b0c38af640377df8,2025-04-11,1
881c4509a19b37b6,2025-04-11,1
91c4a45d37caa2ad,2025-04-11,1
844f2757c4915842,2025-04-11,1
845e64cb642c9dbe,2025-04-11,1
af298b1304aaa2cb,2025-04-11,0
b2d4646c50f572ed,2025-04-11,1
a984c5ab8e0b2cb7,2025-04-11,1
b25004aa48aada97,2025-04-11,0
bb9539aebef4a40b,2025-04-11,1
9a9f00fe55b2ec7d,2025-04-11,1
9f7cd1c062436d64,2025-04-11,1
b4702de2e251b473,2025-04-11,1
abd2ad01a8d88a05,2025-04-11,1
a45a95534169b008,2025-04-11,0
b9d8958c4434e7db,2025-04-11,1
bb837ab734e563f9,2025-04-11,1
994a4333a84eaed5,2025-04-11,0
880f0b8d9caafeb0,2025-04-11,1
8940b65c6c4847ac,2025-04-11,0
b5a8de03f6e5b52f,2025-04-11,0
a17f0217199bc9cf,2025-04-11,1
b724851d70d8a157,2025-04-11,1
b2fd2cc09c5f2bfb,2025-04-11,0
ad1222d4d57f3925,2025-04-11,1
b4c051a68ac478f9,2025-04-11,1
9bbb6aba5a4e6190,2025-04-12,0
a046e280df1ed1c0,2025-04-12,1
8884e8236b866cd2,2025-04-12,1
b24879dba4b1a8cb,2025-04-12,1
9ee11b352f99b4af,2025-04-12,0
8dfff5b634f679e5,2025-04-12,1
96f852ae492552d4,2025-04-12,1
83d7d1a539c9702f,2025-04-12,1
96e13a2e2ce68e0d,2025-04-12,0
a3bb07059df7f432,2025-04-12,1
a9ea54cd5ac48154,2025-04-12,1
80d14d5857d8db1a,2025-04-12,1
85bd3f2bd9add3fe,2025-04-12,1
adc589fe16548af6,2025-04-12,1
97f3412137c57493,2025-04-12,0
89d0f3f0eab47e0b,2025-04-12,1
9cb4f59c27d5b88f,2025-04-12,1
a77c37f1371bd5d9,2025-04-12,1
bbfdc6e18a0325be,2025-04-12,1
8b1446e9a6b077e3,2025-04-12,0
80034c34a9b571fc,2025-04-12,0
9fc4c286f4e5f71e,2025-04-12,1
805cfe5ec1225ef6,2025-04-12,1
a10452c1f6ac7191,2025-04-12,1
8c0352fa38f0720e,2025-04-12,0
90911217a4a41a29,2025-04-12,1
8b6d2627262ce629,2025-04-12,1
ae5f10ca20a99903,2025-04-12,0
9716a77c309a15ce,2025-04-12,0
88833c8826e8ceb9,2025-04-12,0
9159c9ac21159058,2025-04-12,0
86cdc179723a9c96,2025-04-12,0
be84fa26088a7304,2025-04-12,1
9882795a511dd7ac,2025-04-12,0
b5cd7099db47e6b4,2025-04-12,1
a04098dc4b377ec4,2025-04-12,1
9c64a6226134a31e,2025-04-12,1
a9223f87d38c8918,2025-04-12,0
a4217e73ad23399c,2025-04-12,0
a82e83af692e5644,2025-04-12,0
ab11e542dfb84fb7,2025-04-12,1
a0f510d2c95778d1,2025-04-12,1
857ba61ae7d9704c,2025-04-12,1
b277a0847ba73506,2025-04-12,1
830fbb194847a824,2025-04-12,0
b1b13e4c64207c87,2025-04-12,0
acc23bc1ba3af8b2,2025-04-12,0
bd22cc1d53694e26,2025-04-12,1
875883d772b506d4,2025-04-12,1
9f770c7c8aa1f8bb,2025-04-12,0
9af42236f270f7c3,2025-04-12,1
80f240e7add3cc37,2025-04-12,0
9e2f8f4e57ef2a28,2025-04-12,1
8a46e084a215212f,2025-04-12,1
a622979c5ad0fdea,2025-04-12,1
b8a0a3e29af26493,2025-04-12,1
85a4dc5e441ca743,2025-04-12,0
be7f2d49de11e9fe,2025-04-12,0
89a6dd0db00c8349,2025-04-12,1
a64acf9610aa1d80,2025-04-12,0
a2ba17ae26851942,2025-04-12,1
89b47466992093fb,2025-04-12,0
bf25291a75a1b167,2025-04-12,1
9f4d2e1f3e38664d,2025-04-12,0
ac3f49b4b4c3345a,2025-04-12,1
9ba7532b2b9c87a2,2025-04-12,1
ba21810c22142bed,2025-04-12,1
ab2637e1c6eda2f4,2025-04-12,1
a08ce604a38c780a,2025-04-12,1
ab5090512aa446df,2025-04-12,1
90e4917cda73fbea,2025-04-12,0
b44552137a9e8a31,2025-04-12,1
85fb4843c688598c,2025-04-12,0
abc09b1a5790fd67,2025-04-12,0
9072fd5f3d3e8622,2025-04-12,0
b9e1a36aa3dd607c,2025-04-12,0
a31b20a8ec0f6457,2025-04-12,0
bdc67524a46f5bd6,2025-04-12,0
9fbe70429979c855,2025-04-12,0
a39b991fbd5ec1a0,2025-04-12,1
95288f9a267c04e8,2025-04-12,0
84249390e4471546,2025-04-12,0
9e7cfbfe6719e6cb,2025-04-12,1
948fb6b0066436df,2025-04-12,1
97fb9289421c245d,2025-04-12,0
b5b12c9c043923b7,2025-04-12,0
98a3e68799c75973,2025-04-12,1
9966da81dea8e682,2025-04-12,0
898bd2c38bb41839,2025-04-12,1
a8a73a24104b3ff9,2025-04-12,1
a50eedcd819d79b3,2025-04-13,1
818662f094f609ef,2025-04-13,1
933adaf5c238f0ac,2025-04-13,0
81155c5f2d153897,2025-04-13,0
834d989e0be1a45f,2025-04-13,1
a3d3e43d7493c194,2025-04-13,1
9c873b73978c3242,2025-04-13,0
9520ff4355211ac0,2025-04-13,1
9f93ab9165cd6097,2025-04-13,1
b276ac803ae9d0b8,2025-04-13,1
8992eb9043b77704,2025-04-13,1
933e12d1c1707531,2025-04-13,0
befe58d4f91319d0,2025-04-13,0
a3202eeab6e8f2f7,2025-04-13,1
9964a3d2a39b6f8d,2025-04-13,1
b4cddb18e56481f2,2025-04-13,1
b34041b633e9c28f,2025-04-13,1
a93f627bbe36c0b5,2025-04-13,0
9e36582056ab6f46,2025-04-13,1
8ee491cee220012d,2025-04-13,0
94f07ea1e5cd11d1,2025-04-13,1
ba23c8455cc2cd3d,2025-04-13,1
8f96acba1dfe06cc,2025-04-13,0
bff662d6209bb510,2025-04-13,0
81b930c505c8be88,2025-04-13,1
86a1b09a3c626b20,2025-04-13,1
8b72aba848fcad62,2025-04-13,1
b7a7cf790cc8ca01,2025-04-13,1
b7219722207c46b5,2025-04-13,1
ab4f3483bd7b7f4d,2025-04-13,0
be783a53b9e39605,2025-04-13,1
a86b5ab4836211fa,2025-04-13,1
a4a19c322aa9b5a0,2025-04-13,1
b504aa8254edd3df,2025-04-13,0
bc3aeaf8b82ff84a,2025-04-13,1
93ffdb765981de81,2025-04-13,1
96be7641a70cfaf7,2025-04-13,0
b61d25bb8a1850da,2025-04-13,1
912a19482c2f13c7,2025-04-13,1
81081bdaafecfb9b,2025-04-13,1
a3b9c7df83ccbe6d,2025-04-13,1
9019a9234cfdb808,2025-04-13,1
a335d7d69e39652c,2025-04-13,0
8d603fd53cb700f5,2025-04-13,1
af56be78957c1d11,2025-04-13,0
8d34aa7a8791c740,2025-04-13,1
b07269f07ea8a1be,2025-04-13,1
911f0167fbc38042,2025-04-13,1
8fdd98814ee93263,2025-04-13,0
8eb9f063101f8833,2025-04-13,1
a81efda6c836c44d,2025-04-13,0
85c05e68c4cabd71,2025-04-13,0
ae8cab4783679fcc,2025-04-13,0
912a3358f9e584ea,2025-04-13,0
9ad0d69805bedab6,2025-04-13,1
bed3520497402347,2025-04-13,1
9e7e01165f4c188f,2025-04-13,1
a701b3faee17f60c,2025-04-13,0
9c6582d69d0c3829,2025-04-13,1
b5b57fce769af345,2025-04-13,0
9074ebfd21fb5ea5,2025-04-13,1
8073ab20fa2888d3,2025-04-13,0
849feff4a77ae3f5,2025-04-13,1
bf0ed4cc18a28dba,2025-04-13,0
9ff21a5c68fdb4c5,2025-04-13,1
9f6e2989f998935f,2025-04-13,0
93f89cf75dc3a57e,2025-04-13,1
be595086eb46878f,2025-04-13,0
a80a244fe6517342,2025-04-13,1
a353b1697bf0c53b,2025-04-13,0
b406af82f7f6b1d1,2025-04-13,0
83dcc202bbd1fcb2,2025-04-13,0
a0ae2a32a6a0898e,2025-04-13,0
ba1d2cf1a8e689a2,2025-04-13,0
86afedc2e821bef8,2025-04-13,1
9014a3e03b11aa74,2025-04-13,1
be1d19c338a45306,2025-04-13,1
a50625968a21ec8b,2025-04-13,1
96b8ddf42e5e65ff,2025-04-13,1
bbed520a0dd4aae9,2025-04-13,1
9ed1cacd0b259de5,2025-04-13,1
9a1604d5fcd69800,2025-04-13,0
866abe940f948afd,2025-04-14,0
a00b231b5bd6d559,2025-04-14,1
ba50ee0b1b0e13a7,2025-04-14,1
8c2a55da6a69910a,2025-04-14,1
b4aaccfc126fc455,2025-04-14,1
b6de084c554ca9d3,2025-04-14,0
af1849f945834b72,2025-04-14,1
b1bfa04e37340deb,2025-04-14,1
98af258fd323a405,2025-04-14,1
8f93e7edc8c36eb2,2025-04-14,0
8bb7bc9ac47ee431,2025-04-14,0
b30dfd783521f7c5,2025-04-14,1
86b75b2b5db08e72,2025-04-14,0
be6ece57b76a2adb,2025-04-14,0
b6b37d5aaa68d00b,2025-04-14,1
80504d20c0872e93,2025-04-14,0
89f6bd17aec14ab9,2025-04-14,0
b86a95efaa0a18d5,2025-04-14,1
a5202093abce026d,2025-04-14,1
a853b1a5822be8ac,2025-04-14,0
b9413340d6b9ceb5,2025-04-14,0
b4a0b55e6a7629f7,2025-04-14,1
9fa463fea1395d66,2025-04-14,1
af2d322338d7d8f6,2025-04-14,0
a5d56497fc5190bd,2025-04-14,1
89a836575ee28fd7,2025-04-14,1
b42a5601d4dac58f,2025-04-14,0
8708cc1c06a107aa,2025-04-14,1
8aedd49265835b30,2025-04-14,0
a968d124f16b2155,2025-04-14,1
a68f48511979f82e,2025-04-14,0
aaa6341f5701d622,2025-04-14,1
afcc364dc8f970df,2025-04-14,0
917d599922ee152d,2025-04-14,1
a1653396dd00f185,2025-04-14,1
95d468b96be603e0,2025-04-14,1
958e737fb1d77cdd,2025-04-14,1
9141d4c869b40d53,2025-04-14,1
aa95259070ceb4e7,2025-04-14,1
84449b5014100f9b,2025-04-14,1
83be79fb9daa2407,2025-04-14,1
bb9aa99de7992a3d,2025-04-14,0
9a2ce68603a1dc85,2025-04-14,0
880dbf04a9f8073c,2025-04-14,0
93de5155d0e3e0d2,2025-04-14,1
9b01b4c6233aa397,2025-04-14,1
ad5b26bd0fb5d733,2025-04-14,1
937cc6f8f3b6d5e5,2025-04-14,1
9be465ba61e9d445,2025-04-14,0
a0a0b825c978e250,2025-04-14,1
9a9892dc3deebe5f,2025-04-14,1
904dec4fc2b439df,2025-04-14,0
a45ffd3a6fb95d1f,2025-04-14,1
a83afc9a0a495c18,2025-04-14,1
94ec4f540613313c,2025-04-14,0
ba82967d0891d00a,2025-04-14,0
a0b7fc43ef18ce15,2025-04-14,1
8f4229ebff50de81,2025-04-14,0
a33b7c97bad1ba96,2025-04-14,0
a1452022608178c2,2025-04-14,1
9f3ec33b3582d323,2025-04-14,0
94053b2a34681877,2025-04-14,1
afcf49cbd62a98d5,2025-04-14,0
a378bc1cf0dbead0,2025-04-14,1
b6fb22908503f25c,2025-04-14,1
8d3a3e35124c08ba,2025-04-14,0
8125c6b5427f7006,2025-04-14,0
a729b86c7936f4fb,2025-04-14,0
928de3698ac8b75b,2025-04-14,1
b7fb1d6f7fc357ea,2025-04-14,0
85c582253bf01905,2025-04-14,1
81497df78bfb6e10,2025-04-14,0
a79a0cb68c35d753,2025-04-14,1
a9f70191b7f963e2,2025-04-14,1
af347e6525f14a7c,2025-04-14,1
a52e26be2e4bcebb,2025-04-14,1
920c25d69fae7d36,2025-04-14,0
b35c8aee987e84a3,2025-04-14,0
81a9f88f1c444f2d,2025-04-14,1
a242d6bde249490d,2025-04-14,1
bc5055157a9c6b06,2025-04-14,0
bce00b56a646cd74,2025-04-14,1
bfae0e3855455b34,2025-04-14,1
ac4fedff766bf0e3,2025-04-14,0
bbfeae22c1de140b,2025-04-14,0
9a7261300a757252,2025-04-14,0
a2dfa44f5db744b7,2025-04-14,1
94fd437406e79a74,2025-04-14,1
84317fb3a7bc8050,2025-04-14,1
826b056e1ecff748,2025-04-14,0
83df5b657cb447c5,2025-04-14,1
89f7c108c18a4d94,2025-04-14,1
bb30e7ca367c56f5,2025-04-14,1
b113617f9e65dc18,2025-04-14,0
94893531744a2c0e,2025-04-14,1
b910328f9e583a86,2025-04-14,0
9dac68ecace505fc,2025-04-14,1
96f60cf055ece8ba,2025-04-14,0
858f8280ce0054da,2025-04-14,0
abea031a7342f81a,2025-04-15,1
b4b99f45fed0d476,2025-04-15,1
9639128a74c2d9b1,2025-04-15,0
9bf60dc4d2199724,2025-04-15,1
9b9c853c5e3efc07,2025-04-15,0
9291cbd7d101bce5,2025-04-15,0
85e9e9e2a366b9d7,2025-04-15,0
9317c3af0d3a3af7,2025-04-15,0
95648c3f023b3a85,2025-04-15,0
92512c9b48e8a7bf,2025-04-15,0
b5b5c2d9cc6540f9,2025-04-15,0
b72c098dbf7b6cc5,2025-04-15,1
aab598b347ee92f4,2025-04-15,1
bf16ea7f0bdc5056,2025-04-15,1
96a99b623b65141b,2025-04-15,1
a38aee46aedb5871,2025-04-15,1
acf6bedc079841ad,2025-04-15,1
9bffa566287ae197,2025-04-15,0
b0f94aae0239f6ea,2025-04-15,0
81ad917973b2513e,2025-04-15,1
a0655bb1af20a768,2025-04-15,1
a1be015efacca5e8,2025-04-15,1
be7e9a807808038b,2025-04-15,1
9ca8316af3616678,2025-04-15,0
8db60b9a4f4ccb9d,2025-04-15,1
bc70852b66c99b8a,2025-04-15,0
82e4630da0185b99,2025-04-15,0
a081c80715371487,2025-04-15,1
8e41c2c5324f5578,2025-04-15,0
b1adad188da925ac,2025-04-15,1
88b8939927f6f50b,2025-04-15,0
a3ce8f424ab54f5f,2025-04-15,0
937d0b7c2c97990c,2025-04-15,0
813ab59e0a92f14c,2025-04-15,0
8645cf4494511163,2025-04-15,0
9d40af7222a3be47,2025-04-15,1
9cc44ef9dc179a26,2025-04-15,1
80202afc42e18e63,2025-04-15,0
944551ff6ce2b8c6,2025-04-15,0
aa279627c08caaad,2025-04-15,1
98c42ddbcbe9a3eb,2025-04-15,0
b3baebdc18b92647,2025-04-15,1
99e7b420c620a3f8,2025-04-15,0
93c9e32d35358569,2025-04-15,0
a7f6b817fed274fd,2025-04-15,1
9cc9f69e3f3d880a,2025-04-15,1
a58f28a6ec2f9b0d,2025-04-15,0
8a8569b7c849ec2c,2025-04-15,0
9f61912d735c0662,2025-04-15,1
bd96b69b370375a9,2025-04-15,1
8e98b21fffe47189,2025-04-15,1
b64d2c53b476e747,2025-04-15,0
9c7a19fc7e4aff9b,2025-04-15,0
a4870732a1375728,2025-04-15,0
8565b166caf08936,2025-04-15,0
b5e8324e087206e0,2025-04-15,0
9350c3b04d5bc018,2025-04-15,1
ab09a8304f07932e,2025-04-15,1
9d5ba976ddf3afe0,2025-04-15,0
bcc828a736a26959,2025-04-15,0
a199194b8ea7949a,2025-04-15,0
8ad339c807925698,2025-04-15,1
8400bce45e9394b6,2025-04-15,1
966c863ace84d775,2025-04-15,1
bb5859f344a52f23,2025-04-15,1
96482a3822ac1543,2025-04-15,1
9f035236475f2c30,2025-04-15,1
908a453be6698507,2025-04-15,1
a32c29612b72e6a4,2025-04-15,1
801a8598c3547176,2025-04-15,1
8872ca6aafdb0536,2025-04-15,1
9d860d3913e99d2b,2025-04-15,0
8dec7872f8d0c1e0,2025-04-15,1
a00a02747cfa0a0a,2025-04-15,1
8890906ab21d8b3b,2025-04-15,0
bd4947a45b82024b,2025-04-15,0
8baee4657f3b94fc,2025-04-15,1
ac2147ace58930c3,2025-04-15,1
ba317117f28fca30,2025-04-15,1
aa3c504125019ff9,2025-04-15,0
ae884d710ff9c373,2025-04-15,0
9b6ed8dd9d9bde51,2025-04-15,1
9744edd0116c7046,2025-04-15,0
88f807f2f1de49d8,2025-04-15,0
a53f975cd448ab93,2025-04-15,0
95735aa3cef92309,2025-04-15,1
a266fc8416d1c5ef,2025-04-15,1
9714299489eda759,2025-04-15,1
8a0a782d46975eef,2025-04-15,0
95ac22acca5bc3a3,2025-04-15,1
a671da91a61c8ed2,2025-04-15,1
9f288958ede757d5,2025-04-15,0
abbbb1f7364e5318,2025-04-15,1
aca7f0a9f4fdb38a,2025-04-15,0
a7a3df795b8c39e2,2025-04-15,1
801213459643df03,2025-04-15,1
ba2007b31562c67f,2025-04-15,1
b266f602cd5288c4,2025-04-15,0
8e5d04c1753511ae,2025-04-15,0
9089f71589081b99,2025-04-16,0
896343fff0343679,2025-04-16,0
b31fbdbe0c1a1ea0,2025-04-16,1
894f6f9b7a1c8d05,2025-04-16,1
abeb9bcce1c812c2,2025-04-16,1
8a7aae8b4be7c158,2025-04-16,1
b455dc17deee9662,2025-04-16,0
bbc4194f09acefd6,2025-04-16,1
b29209a420e05605,2025-04-16,0
a9f9ce9025cbe435,2025-04-16,0
a2716672f415ac1a,2025-04-16,1
9508b936d4061677,2025-04-16,0
a354d85463d4b093,2025-04-16,0
be5e777538e2f26e,2025-04-16,0
b3d5490ebf6ca1b4,2025-04-16,1
bf5e0d3217493005,2025-04-16,0
b7a17f4e35ecbb13,2025-04-16,1
a054ff92fae61b35,2025-04-16,0
a735794f32f84b15,2025-04-16,0
b885cf041fe417f7,2025-04-16,1
bbe7f94afd23db59,2025-04-16,0
977240b4a184c6c6,2025-04-16,1
972227608b739512,2025-04-16,0
906cc7d294490a4b,2025-04-16,1
84040db03f66171f,2025-04-16,0
aebbb11ccd391699,2025-04-16,1
a01376de28c5c2a9,2025-04-16,0
b9fd58c58ef2bbb3,2025-04-16,1
8daf3caa48c11e83,2025-04-16,1
8c1c7017ea143c3c,2025-04-16,0
a89fc5625f13446a,2025-04-16,1
86eb0e9a6920ada5,2025-04-16,1
9a32b9f97bcce496,2025-04-16,0
ae39b2e09646abec,2025-04-16,1
b1f8091fecf2c42f,2025-04-16,0
91c30dd5a7969178,2025-04-16,1
98361121bae76ba6,2025-04-16,0
9d7230ce5f0c7147,2025-04-16,1
a10e1af925c1487f,2025-04-16,1
a245eed333424c22,2025-04-16,1
9f9110d35fec58fb,2025-04-16,0
bdb83f84d032f5af,2025-04-16,1
aa6d0e4647844802,2025-04-16,0
a1922e5e7b06cff1,2025-04-16,0
b35c08ee7d1f6b8b,2025-04-16,0
aca67725205946c3,2025-04-16,1
833124b1b7f53f62,2025-04-16,1
bfdaf33672b39067,2025-04-16,0
9db80c9502a58fad,2025-04-16,0
a8b0df05c2f277ec,2025-04-16,0
b675d83d4bbb4853,2025-04-16,1
b48359e516033ff7,2025-04-16,0
84874deb9a8f2885,2025-04-16,1
a8d3c680aacf17ef,2025-04-16,0
84b6ae061adea288,2025-04-16,0
9d070139c327ff3b,2025-04-16,1
a6a104ca20ed92d9,2025-04-16,0
b403faa071da1609,2025-04-16,1
aa33bb2d3f2ef15a,2025-04-16,1
b0cdccb2b853ac56,2025-04-16,1
9efcfe86ecc1a4fa,2025-04-16,1
b0a767834addba71,2025-04-16,0
966dbde673f9b438,2025-04-16,0
9cbaa2dd828e8e5d,2025-04-16,1
9df0612acdd3f461,2025-04-16,1
ba1ac6bedbacca23,2025-04-16,1
a68171441feecb61,2025-04-16,1
be83414e6e8efe26,2025-04-16,1
8af495f294e6acd0,2025-04-16,0
8e8428a71846ba73,2025-04-16,1
8c565a4303898458,2025-04-16,0
abc393e14125ecbe,2025-04-16,1
9dbd888a78c53c33,2025-04-16,0
bfe138fc2c02935a,2025-04-16,0
9583ab3ac740c04e,2025-04-16,1
9aab6abdc86f8bf3,2025-04-16,0
b060906d76eb57eb,2025-04-16,0
80ee789922e4fe1c,2025-04-16,1
bb5cbd7b21f7fcdc,2025-04-16,0
9a1369b192629f16,2025-04-16,0
826d699e151f7980,2025-04-16,1
ad32d02c78c6be37,2025-04-16,0
b6423fe275884cab,2025-04-16,1
b938d0f5eedfbc72,2025-04-16,0
896491cfa31d92af,2025-04-16,0
870163e51af13bbe,2025-04-16,1
8a74d7e3d681adc4,2025-04-16,1
8737d90eda14d4f4,2025-04-16,1
b2318a6284b2ebfa,2025-04-16,0
9babc59f64479982,2025-04-16,1
87a7c5d27eff2840,2025-04-16,1
9a41a322b03cc8f8,2025-04-16,0
877fad034643f7cd,2025-04-16,1
adf483a9c0daf820,2025-04-16,1
a8ae1a830fcb49a5,2025-04-16,1
9cf91132bfda7617,2025-04-16,1
8a4a6cf57f40f852,2025-04-16,0
96e9ad33cd18897a,2025-04-16,1
bb2b710315ab2c29,2025-04-16,1
b16e701dc50b0b35,2025-04-16,0
aa9f43564f5877d5,2025-04-16,1
a3c5e19334905fbb,2025-04-16,1
9ba054e600e80517,2025-04-16,1
b4659fbe6f344fdb,2025-04-16,0
9c65ed5ef411051b,2025-04-16,0
b68d5ec5772f481c,2025-04-16,0
9216ab06ed097d9c,2025-04-16,1
8137fe9b34229b35,2025-04-16,0
8af7dc07c09845fa,2025-04-16,1
ac5a2635c201704e,2025-04-16,1
a183f566a569fa0c,2025-04-16,1
9cb2b45f7c6dfa71,2025-04-16,0
bfe4350a0bb1bfe9,2025-04-17,1
854fac713b722439,2025-04-17,0
84c1996a228266f7,2025-04-17,1
8413b52d6a7a69b9,2025-04-17,0
9e01fe658ab5a41d,2025-04-17,1
9b0d1fc03ec900be,2025-04-17,0
a414d365c9acfdcd,2025-04-17,0
9ac3abcac45914ad,2025-04-17,0
ad99c0e37c60d7d9,2025-04-17,0
951082b9a4a7b067,2025-04-17,1
be392807f09bbbf8,2025-04-17,1
921d11b98f73e382,2025-04-17,1
9f82506bb44f96e6,2025-04-17,0
979c86b5d59b6768,2025-04-17,1
82aec2e6bdc07409,2025-04-17,0
b01d01fcdd45a61f,2025-04-17,1
b33099e8a8f30431,2025-04-17,0
b3eafb963cdd6b89,2025-04-17,1
a9105cab5c20b395,2025-04-17,0
9f44b6738fe823ef,2025-04-17,0
9b4b5bd6b87119b2,2025-04-17,0
adedbbb63fb346e3,2025-04-17,1
b4d1ef9715a70808,2025-04-17,0
956b378a103987f5,2025-04-17,1
adf0a553652e9930,2025-04-17,0
886aa81b2f6f163f,2025-04-17,0
9becb107a51e01c2,2025-04-17,1
8adf30fd344955b9,2025-04-17,0
83c41a6be333a1e7,2025-04-17,1
b4bbd24cd757d939,2025-04-17,1
b0c0b4eaec8cbd48,2025-04-17,1
a39bb9eb0cda489b,2025-04-17,0
9bafe8ff45e3cd82,2025-04-17,1
9bd7819f1822d0f8,2025-04-17,1
b453e5e7fa5c079d,2025-04-17,1
b646559659925fdc,2025-04-17,0
823806f90255c82d,2025-04-17,1
b66195a2713a7526,2025-04-17,0
a4889209f6cc1578,2025-04-17,0
8b555c9225dee59b,2025-04-17,0
bfce1f3c2eeb0ee6,2025-04-17,0
a2ed24b2e72d2055,2025-04-17,1
bbb20f9d94253c4c,2025-04-17,0
b2663cf25ddb9ff6,2025-04-17,1
92e04b9ff74d5882,2025-04-17,1
b927f385b8e25fa4,2025-04-17,1
980058450e616bbf,2025-04-17,1
930fbfcdf4831eee,2025-04-17,1
96f41f800b013ec3,2025-04-17,1
bcd2cfa4e1d11ae3,2025-04-17,0
9e7c61db9c9863a6,2025-04-17,1
8f4c1bddf8009c6e,2025-04-17,0
992350f636dd01c9,2025-04-17,1
8a8f35cc5b424183,2025-04-17,1
9d63a7a06d0f3b11,2025-04-17,1
a287c82c1de75f03,2025-04-17,1
a8bf92b5df9c7c1e,2025-04-17,0
b3e852281145c650,2025-04-17,0
9c9fe72be76ef5bf,2025-04-17,0
99c39260bb157632,2025-04-17,1
ac0bde00b27bf66f,2025-04-17,1
9e12c98376d8ff33,2025-04-17,1
bdebbc5cfc83e9e6,2025-04-17,0
a9a76b589d1f07b4,2025-04-17,1
afc9571e50a3d303,2025-04-17,1
b430860bb03e0dd5,2025-04-17,1
8c6710dd73507933,2025-04-17,1
87a74f93fdb296fa,2025-04-17,0
88a009bf6a2a7210,2025-04-17,0
97264718b37d14ed,2025-04-17,1
a89203da28f796aa,2025-04-17,0
a41f1e952078ec16,2025-04-17,1
bfffd6330732b160,2025-04-17,0
ba90df57c24ebb56,2025-04-17,1
a5e938a3e668641d,2025-04-17,1
957f9ce6b0569050,2025-04-17,1
99352230aed272b1,2025-04-17,1
b21ba414743d491f,2025-04-17,1
9aafd2d7159e8a26,2025-04-17,1
9228b29b28189f12,2025-04-17,1
abbeb50e5c0ec041,2025-04-17,1
82e64b4de656ffa1,2025-04-17,0
b67e742d912d8f5e,2025-04-17,0
acb443a4063aef8a,2025-04-17,1
bbf056dd7b16920f,2025-04-17,0
9d5a04abf4c341f8,2025-04-17,1
99c570db90d20df2,2025-04-17,0
afb5e8ea52ae1659,2025-04-17,1
a229dea96bb9085d,2025-04-17,0
adbed9c9e5d0d0a5,2025-04-17,1
a3e303a2d23e46b7,2025-04-17,1
8d6f8d95467c5b9f,2025-04-17,1
b683de42af46844c,2025-04-17,1
8f6024b7d3e06851,2025-04-17,0
b1d637951723f1b9,2025-04-17,0
abc370f57b7da4a2,2025-04-17,1
a176446a279bc838,2025-04-17,0
8eefa50180b03056,2025-04-17,1
bf7c48621462a70b,2025-04-17,1
a223697eae4c49f1,2025-04-17,1
bb42d6f57b973c9c,2025-04-17,0
8dfc2643465898f2,2025-04-17,0
906116e386068378,2025-04-17,0
ac1841cb202b538c,2025-04-17,1
a99c9235798bd4ac,2025-04-17,1
ab2205cb59a3b472,2025-04-17,0
8258c4c64fe7a34d,2025-04-18,1
ab4086c4b4fdaf32,2025-04-18,1
974c8e39a22fd8ec,2025-04-18,0
bdd46309764ca9e8,2025-04-18,1
b7495909c517d404,2025-04-18,0
ba40d82918c39f70,2025-04-18,0
91590561e46ac2fd,2025-04-18,1
868231c2cb0262ac,2025-04-18,0
a5be07e24b6530f0,2025-04-18,1
90d497a7becd78c5,2025-04-18,1
a6b174b357ad63a4,2025-04-18,1
b63e220079a10188,2025-04-18,0
999512f3713cb539,2025-04-18,0
803623cfb4be4c8f,2025-04-18,0
b658be15ec8129c3,2025-04-18,1
a4c2068881f2424a,2025-04-18,1
a0c7f66041316e6e,2025-04-18,0
9873da0146bad9d6,2025-04-18,1
8017f576c60547b5,2025-04-18,0
a1373f5dacc8b5dc,2025-04-18,1
ba704261590a8630,2025-04-18,1
b37f107f6fb68f79,2025-04-18,1
b3f5f31980cd53cf,2025-04-18,0
9aedd791c7641664,2025-04-18,1
b97b22e66bd2bb66,2025-04-18,1
9ba2b1d7bd14b81e,2025-04-18,1
8a03be55a0e9ae85,2025-04-18,1
a89fd868a2020439,2025-04-18,1
b4c93a0b2c1743ff,2025-04-18,1
93df77ce17acf1dd,2025-04-18,1
a1dc9ca88aff2594,2025-04-18,1
94fd73cdc0c9fb7e,2025-04-18,0
85ea2010ad4c945a,2025-04-18,0
a96f95a6bf1821e2,2025-04-18,1
ad370de672e242aa,2025-04-18,1
9ae2e1273528a3f4,2025-04-18,1
81a56c04cecabff2,2025-04-18,1
860d1537a787565a,2025-04-18,1
99ea67542e446b24,2025-04-18,0
925e675f7c7c1670,2025-04-18,1
a3a04b6e93831450,2025-04-18,0
b9fecc5537e7648a,2025-04-18,1
b43adb8f373c4b1a,2025-04-18,0
bd12fc7f79801b6a,2025-04-18,1
9ef523d28e4227e0,2025-04-18,1
a7a51d6132762f99,2025-04-18,1
be73844b7d9c6dbd,2025-04-18,1
abe735cbe14c47cc,2025-04-18,1
b2079b7514d3115f,2025-04-18,1
9996889300237ff2,2025-04-18,1
b4aabfb83a6f715e,2025-04-18,1
b22279caed895130,2025-04-18,1
9370766ff3ccabfb,2025-04-18,1
932c286fc7371025,2025-04-18,1
b4268a4d9ddf79c1,2025-04-18,1
ac5a491fa5de75af,2025-04-18,1
b06f1df1c7fa14ef,2025-04-18,0
ba8dcbab2466e0c3,2025-04-18,0
8ffa3b1a5ec80d85,2025-04-18,1
9e1eb74b6391eb02,2025-04-18,1
adcfc6b59f33871c,2025-04-18,1
be8d2a3839a287d9,2025-04-18,1
a48aeb73f2ca783a,2025-04-18,1
a6f33ce06efeafb8,2025-04-18,0
b9136a8e9931c939,2025-04-18,1
bbfe9407493676bf,2025-04-18,1
99c83b5b55580463,2025-04-18,0
afbe52b65cc54038,2025-04-18,1
9a4bba3025b961b0,2025-04-18,1
9423da7ef9423dde,2025-04-18,0
b65bb9d0e287b9cf,2025-04-18,1
ba28781d657924ac,2025-04-18,1
ae89602dddd466f4,2025-04-18,0
ace6a1af9336391e,2025-04-18,1
83b312e32cf4e98e,2025-04-18,0
aef0c33af20653b6,2025-04-18,0
88edc0f71509e0b3,2025-04-18,0
82b5566e3976adc7,2025-04-18,1
bebafd18b02cab0e,2025-04-18,1
874007738c7b096b,2025-04-18,0
93018fe0ff287601,2025-04-18,0
b89fd11def574fda,2025-04-18,1
b1c6d8eba09934a9,2025-04-18,1
be0f57f3c2cf7274,2025-04-19,1
a26648412f44addd,2025-04-19,1
99abfa7eb3d906e8,2025-04-19,1
915282ec5a80fe4e,2025-04-19,1
9819f58e1e37c98d,2025-04-19,0
8001d9f835a8a253,2025-04-19,1
8769fd1e8ba3c64f,2025-04-19,0
8bf76851e75c7e36,2025-04-19,1
923c8a2e6a590501,2025-04-19,0
88a921ec3da7b4f3,2025-04-19,0
a838e5fd71b4540a,2025-04-19,1
974daaac465b291f,2025-04-19,0
939e86f166fad5ff,2025-04-19,0
a8ea0df3526eab7d,2025-04-19,1
b662a389d610f0cd,2025-04-19,0
9b5693f8c6357a4c,2025-04-19,0
9fd5e1ece10f773e,2025-04-19,0
943881c5bd8a6b74,2025-04-19,1
b396f18b49d366a1,2025-04-19,1
a37b470cda8ef321,2025-04-19,1
be9c06cba09e697e,2025-04-19,1
b18483c73ae92a3c,2025-04-19,0
a96c517cdcec2804,2025-04-19,0
b39b1b1e03619dda,2025-04-19,1
84aa8e358e4e4b5f,2025-04-19,1
b6f343f786e98ac0,2025-04-19,1
90edb073b4893615,2025-04-19,1
b7f86cd9d2b5c934,2025-04-19,0
9de631fada1839d5,2025-04-19,0
a4ace389c0b22200,2025-04-19,1
8edb5e4b86fa3ed2,2025-04-19,1
83695f660363bd9a,2025-04-19,1
9c6d08a2b00dbc94,2025-04-19,1
9c4e358fd1f63e67,2025-04-19,1
86b4755d2e5c9e4e,2025-04-19,1
adcfa2f4ecb75154,2025-04-19,0
a6691526fa3b010c,2025-04-19,0
83566d0362d1df42,2025-04-19,0
a16333b19fb1afe7,2025-04-19,1
959d301a5a618c63,2025-04-19,0
95bd9ca63831aae8,2025-04-19,0
bdc0a4b91ffe65ac,2025-04-19,1
b603352f001e1d73,2025-04-19,0
a8628677b7034e53,2025-04-19,1
bbf997db764f518d,2025-04-19,1
81feb4e641411c2c,2025-04-19,1
bd053f3bf569bc89,2025-04-19,1
a07f1f5d03bcda59,2025-04-19,0
9447bd101af615b9,2025-04-19,1
b4c0f61671e8ac0c,2025-04-19,1
b409899516fab3c5,2025-04-19,0
85f5ff0c3e5d2418,2025-04-19,0
98f2b2b66491c0e9,2025-04-19,1
a0e806dbf8e20aaf,2025-04-19,1
943be9d037e3a2a7,2025-04-19,1
9e8cf951bce89caa,2025-04-19,1
be0d2991ee84cacf,2025-04-19,0
948fdf3cd753df54,2025-04-19,1
8a802d6d328bd627,2025-04-19,0
ab0f539e65d07cf7,2025-04-19,0
bcbff316522f1d2b,2025-04-19,1
af1c3e887198ba62,2025-04-19,1
b432c5d479d8b0bc,2025-04-19,0
8807e12fbe57c6e1,2025-04-19,1
b5ebcc2ef8ae22f3,2025-04-19,1
9f0604adb8951ffa,2025-04-19,0
a30fa6fe7735b6c2,2025-04-19,0
9a7250b79b7adec4,2025-04-19,1
b482c08d593f3cf8,2025-04-19,0
bb000adc1133e9ad,2025-04-19,0
813d5c0d36426069,2025-04-19,0
a29fca42a0396f6a,2025-04-19,0
886e41a15e34d9ea,2025-04-19,1
ad450435c0707b34,2025-04-19,0
85f098a99361ceb4,2025-04-19,0
9f684197f34ce029,2025-04-19,0
aca745f31f30b8a2,2025-04-19,0
8932a580e75dcf93,2025-04-19,0
9532465183f24e94,2025-04-19,0
99122f56ca9a2095,2025-04-19,1
b8bd4105ae3d2cbc,2025-04-19,0
b41c029f37dfd79e,2025-04-19,0
b9e57e84175c97be,2025-04-19,1
8c9da1b48379b383,2025-04-19,1
aee7ba16eb9b3ac8,2025-04-19,0
ac8fae9db34ce9a7,2025-04-19,1
ac7378a02482856a,2025-04-19,1
942f1db791a76934,2025-04-19,1
b43563b031b06b7b,2025-04-19,1
ac7fed7da478bd40,2025-04-19,0
9d88cc440db5989b,2025-04-19,0
a959ea4bd63478fa,2025-04-19,1
bb9b7b015913bcc5,2025-04-19,1
8106d78f7ad08e08,2025-04-19,1
b37e5764237964f6,2025-04-20,0
ade3fad3b4aeed4e,2025-04-20,1
98bd77435357944a,2025-04-20,1
83ce0b2e704ee806,2025-04-20,1
8a451075feff0d2b,2025-04-20,1
83f7dd56ba3a0464,2025-04-20,1
8d9008f2f6fb61ab,2025-04-20,1
9143dfd20437ac7b,2025-04-20,0
a73355397f765d75,2025-04-20,0
873ceeebef783ac0,2025-04-20,1
bf6cdc507e8b06ef,2025-04-20,1
a028cb2ce967b892,2025-04-20,0
8544833a593585aa,2025-04-20,0
a159641a5f8deac9,2025-04-20,0
a1bec5c3fc9f32a7,2025-04-20,1
8bb663ea1158d3fc,2025-04-20,0
b966fd6ce598fe3c,2025-04-20,0
8f13edcccf43010a,2025-04-20,1
aea3b39f2f790b75,2025-04-20,1
934125e6b67d3a13,2025-04-20,0
a6d7905192cf6601,2025-04-20,1
a121fe1247bf3d61,2025-04-20,0
997eb37cd6b06e3b,2025-04-20,1
92cb4dd8ec77f83f,2025-04-20,1
9a6d4b0cb562d6ef,2025-04-20,0
b5cc077fa1870cb6,2025-04-20,0
8b6c22dc83fca276,2025-04-20,0
861fa2e1f9e43866,2025-04-20,0
b59efc917e4a995f,2025-04-20,0
8557eae4993b0ab7,2025-04-20,0
80ed80bd953348ec,2025-04-20,1
8ded071abc404d59,2025-04-20,0
a7d6bc7de7805071,2025-04-20,0
a0bf6782a2f15f2f,2025-04-20,0
945eaaf21187ccfd,2025-04-20,0
922f31bdb8ab5933,2025-04-20,1
abcd933700fd1923,2025-04-20,0
b6913c89a82835bb,2025-04-20,0
b0540a7eed8f77ef,2025-04-20,0
8382fc6f296a1d49,2025-04-20,0
ba73734ad8dc61f4,2025-04-20,1
9cb6e00f64bec841,2025-04-20,0
ab79d67d77388e8d,2025-04-20,1
b3e74aa896bb2107,2025-04-20,0
8a71e51c5af747ef,2025-04-20,1
b0df171f2533fc5e,2025-04-20,0
85d842e265d33d9d,2025-04-20,1
9415418017cab7f6,2025-04-20,0
a6fda82dad3eb4f7,2025-04-20,1
8e15cdcfe6b10aa7,2025-04-20,1
b23413b51a7447c5,2025-04-20,1
9403953b8d753d5a,2025-04-20,1
933bbced0bb34348,2025-04-20,0
978fa2431a57882c,2025-04-20,1
b61fe33912c0c61b,2025-04-20,0
95d88cf450360829,2025-04-20,1
a7efdb12b17eb316,2025-04-20,0
b4a0f89b33238b63,2025-04-20,1
b41bf84bb94d8fc8,2025-04-20,1
8d2dca39a6400b0c,2025-04-20,0
9d4b1f1c9dff8698,2025-04-20,0
b9d4fcdb01ba9b3d,2025-04-20,0
9bed112dc8988171,2025-04-20,1
8b27805579061877,2025-04-20,0
b99273032475543a,2025-04-20,1
bf40f3b9e1305cce,2025-04-20,1
ad7e810af9d0e655,2025-04-20,1
9681da222af50d44,2025-04-20,0
9e4411866b8d5032,2025-04-20,1
9b23d32b4d58a4c5,2025-04-20,0
bdb13d286e037689,2025-04-20,1
9e413b2ba9774f15,2025-04-20,1
b79540d4a199f5d4,2025-04-20,1
831189b05ef3f668,2025-04-20,1
8e6805aa2d3e32ae,2025-04-20,1
8842e68e08121aa5,2025-04-20,0
975f7d2e9a1efe27,2025-04-20,1
a491250d47369b61,2025-04-20,1
afc591856b486db8,2025-04-20,1
920285752bc67eb6,2025-04-20,1
b8d923bc91dc8106,2025-04-20,0
9a038162374559f0,2025-04-20,0
a8c6e240087e09d4,2025-04-20,0
9a5d011d47c79bed,2025-04-20,1
ae10e85052c94708,2025-04-20,0
bc6a0ed482bad299,2025-04-20,0
a4c18d6a727895f8,2025-04-20,0
91222f7edf3bb9c9,2025-04-21,0
95613f4de8d287b1,2025-04-21,1
b1cde5f9231f5082,2025-04-21,0
8c63f69651bb7293,2025-04-21,1
91eefe106a56ea08,2025-04-21,1
8922a8ec05054eba,2025-04-21,0
ab6d5ffdb8a82f5a,2025-04-21,1
ac1b7b939642be29,2025-04-21,1
a7f86a735a3bac00,2025-04-21,1
a184938b60f96edc,2025-04-21,1
8628f029b4a18776,2025-04-21,1
a44809a5faa27834,2025-04-21,0
bed08e7e3b48e7e1,2025-04-21,0
84d400384632d00b,2025-04-21,0
bcc01be9cee3c9e3,2025-04-21,0
ac6bceb1450abf97,2025-04-21,1
90d6aae534eccec5,2025-04-21,1
8649fff1bbb8a257,2025-04-21,0
af0c4db50346eab3,2025-04-21,1
88fadb6cf128f631,2025-04-21,0
8e1ca070e0910f7a,2025-04-21,0
ab974c35a00d7171,2025-04-21,0
a0e03e6bb7407002,2025-04-21,1
a6e98b0caaf62a84,2025-04-21,1
b0f53ddb149f9bda,2025-04-21,1
8cc419ff1a7b7247,2025-04-21,1
a933e02678c1a975,2025-04-21,0
aeb52c90216c4f5a,2025-04-21,1
b3c811917096dc19,2025-04-21,0
bf5a6dd66e20603f,2025-04-21,0
b7582a06c26d3b3d,2025-04-21,1
8c403f45a78cdac7,2025-04-21,1
8b7087f083c1e93f,2025-04-21,1
835032394e1b9f9d,2025-04-21,1
b60c61f31e4f2c1b,2025-04-21,1
ac94d00f3e63844c,2025-04-21,1
bc20f1ddd82cf14d,2025-04-21,0
9e5f71ded0afc849,2025-04-21,0
9ee0b44c89f3307a,2025-04-21,0
b798384042a8a623,2025-04-21,1
8e7f4aef7ab3a45a,2025-04-21,1
9ded5e01d63fa3ab,2025-04-21,1
a1d52f57ec8961a6,2025-04-21,1
9f9d78f7e3eb86f2,2025-04-21,1
ab01cc9754d08172,2025-04-21,1
bc643d6fe0dfd218,2025-04-21,1
86dcb32faa234273,2025-04-21,1
8c35e1df2d55e441,2025-04-21,1
814efa8bcaa86609,2025-04-21,0
8ca15b4653746597,2025-04-21,0
b878b60b4a22e1ba,2025-04-21,1
927f483007d238ce,2025-04-21,0
914679cb506da6c8,2025-04-21,1
bde7f03780bd5fc1,2025-04-21,1
a234b713fc2c8498,2025-04-21,1
94f6baf69920acb3,2025-04-21,1
b3244086035bf23d,2025-04-21,1
9e477c2e9f0131e8,2025-04-21,1
b7d3c16a0a448cc7,2025-04-21,0
86cdb11102228b2c,2025-04-21,1
b3146ac3eee3e0fa,2025-04-21,0
874b9c264cdf5773,2025-04-21,1
b5062443f647c53b,2025-04-21,0
bbe14be284bab2aa,2025-04-21,1
9b1033740831e0f7,2025-04-21,1
802d3b646b18c723,2025-04-21,1
91b1bea0c5304da2,2025-04-21,1
a7b90cb68ef36358,2025-04-21,1
885b4aa425c9a80f,2025-04-21,0
a0af381c74ec3159,2025-04-21,0
ad42f7b5d16773e0,2025-04-21,1
91fd66c67a1d6c7e,2025-04-21,0
95cd38a8e1b4245b,2025-04-21,1
9916e2fd3fd44828,2025-04-21,1
b2e381b5c39da24a,2025-04-21,1
82a53674fc3897b0,2025-04-21,1
9c819d638ec86350,2025-04-21,1
8f3dde4f7696d7da,2025-04-21,0
a41103f81ad11f0e,2025-04-21,1
b4eb819c8b708a7a,2025-04-21,0
b9d79604322fed5c,2025-04-21,0
a3f9011b1103ec72,2025-04-21,0
9224bc3fba4dbdfa,2025-04-21,1
a6c4ad4b3e6de889,2025-04-21,1
963e49f93ad5eff4,2025-04-21,1
b2414bd3ae99f273,2025-04-21,0
b317e6f18a98d7ef,2025-04-21,1
8a2b1f342f2d5a67,2025-04-21,0
a805979868c33935,2025-04-21,1
a96033658dc2bbfa,2025-04-21,1
81320ee38056fbd7,2025-04-21,0
a604a65ea77c2515,2025-04-21,1
b9bcd686cfa1706d,2025-04-21,1
8b658716c59c27bf,2025-04-21,0
ab1dee582de4ab41,2025-04-21,1
b8926f90ee497078,2025-04-21,1
bc3b8846fc5bd1b6,2025-04-21,1
bbee26d1934e9cca,2025-04-21,0
9d4f8236fca82cc5,2025-04-21,1
91abf19ec6b227d8,2025-04-21,1
a1541ec7265bee5f,2025-04-21,1
9ba219eedd06151f,2025-04-21,1
bd01926cf64e8836,2025-04-21,0
8be5b04574b11403,2025-04-22,1
83bd6802a924128e,2025-04-22,0
a94a7e1293c4ebc0,2025-04-22,1
bebef4c3d9919748,2025-04-22,1
afe8408a617b1b71,2025-04-22,1
841b903956437c6e,2025-04-22,1
8c9dc23226fc642e,2025-04-22,1
8ef7a598f9b39516,2025-04-22,0
aeea11090d5f2bd2,2025-04-22,0
8555b7faf2cd5a8f,2025-04-22,1
83f80fd82fd5aec7,2025-04-22,1
98e7ca9a5a937764,2025-04-22,0
bf648307e30e6da8,2025-04-22,0
9e6a903600570307,2025-04-22,0
b7cccf8c20f227ad,2025-04-22,1
815637f942c526ee,2025-04-22,1
86bde440c565c633,2025-04-22,0
b9ec47ba0be7192d,2025-04-22,1
a899d68da299ba9c,2025-04-22,1
8be920729e2ce8d9,2025-04-22,0
b0835eaed4aa2602,2025-04-22,1
9f5c74449078f006,2025-04-22,1
bd9694f337aaafd2,2025-04-22,1
8ee4016d82c59307,2025-04-22,1
9fa95e41d37dcb6e,2025-04-22,1
b56eb0e869b4a690,2025-04-22,0
b8846c80fe5510b4,2025-04-22,1
8ad716f74dc91f39,2025-04-22,0
9356a01c80239802,2025-04-22,1
8f5e616ac89191fe,2025-04-22,1
a3d0d109aaf4b8fe,2025-04-22,0
afaab8fe4903dccc,2025-04-22,1
b7067bfbfd5e858f,2025-04-22,0
af46ff083cc6116c,2025-04-22,0
bebae5e83beaf537,2025-04-22,0
8d9728fc9acc2cad,2025-04-22,0
83cf923b21fc406e,2025-04-22,1
b2ca04903d6c4503,2025-04-22,1
8053589dcc825e34,2025-04-22,0
af6dcf82358f5dc0,2025-04-22,0
9f0f3cec98118b09,2025-04-22,1
aeee018d61818b79,2025-04-22,0
b0fb574b4c5b9efa,2025-04-22,0
acf4007c2ad17fb4,2025-04-22,0
a2eb6aadbc49f672,2025-04-22,1
a85c46e177427889,2025-04-22,1
800c1491eedfdede,2025-04-22,1
bef08984cdfe2673,2025-04-22,1
bd3ac2f4a43fe96f,2025-04-22,1
99e0c1507af03840,2025-04-22,0
9448a6a36740d00f,2025-04-22,0
ac197cccdf4543a7,2025-04-22,0
b5068939c17c5849,2025-04-22,0
a9af4dcdb419d71a,2025-04-22,1
870efcd9538c6ef6,2025-04-22,1
a8cbb4b544c9ee8a,2025-04-22,0
a923e5ca987a958a,2025-04-22,0
b11c252ff22f7575,2025-04-22,1
a2f554704ffe415d,2025-04-22,0
aa7bb247e9384aca,2025-04-22,1
a210889d881bcec9,2025-04-22,1
8fa98516994ea7ca,2025-04-22,0
8fbc64b5f2576882,2025-04-22,0
a2308bf7209a01ee,2025-04-22,1
a540b84a6ba28699,2025-04-22,1
82900f394f5343af,2025-04-22,1
b947f120777ae49e,2025-04-22,1
8e9c90fdc5408b92,2025-04-22,1
973d63da45e782b5,2025-04-22,1
a9abb219d4b86e4f,2025-04-22,0
914c1167a6b8d6e1,2025-04-22,0
bdc9e3aa2e0919d1,2025-04-22,0
ae125515b4970948,2025-04-22,0
a8a0f04f3244a449,2025-04-22,1
80df25de89ff053b,2025-04-22,1
99b69e6c337ca571,2025-04-22,1
8c2c44d408bf37d9,2025-04-22,1
aa667ddc28feb406,2025-04-22,1
a155203a92e1ce69,2025-04-22,0
aacea6614c5d73ce,2025-04-22,1
8636afb1243597e6,2025-04-22,0
9f59ac6cf56271cc,2025-04-22,0
90c425d073c9d42f,2025-04-22,1
959dfce06c679104,2025-04-22,1
b1f3cd1a0bc1420e,2025-04-22,1
88639e2102abd5fc,2025-04-22,1
8b096829ed12800a,2025-04-22,0
a692ec863bdbd242,2025-04-22,1
a4da824cd3377412,2025-04-22,1
857fc00f78a038d3,2025-04-22,0
88e8320a951d303e,2025-04-22,0
b2ec1355fb43b043,2025-04-22,1
9d93867f7539d047,2025-04-22,1
bd73e10d7b212ff4,2025-04-22,1
813c4d17f12fdce1,2025-04-22,0
bd322ba8bb199107,2025-04-22,1
ba9914cebc17b863,2025-04-22,1
a12cae3b9701f4c7,2025-04-22,1
9ebc740f78e74e3e,2025-04-22,1
94c6ae956c878f21,2025-04-22,0
b941ecd4c2cca384,2025-04-22,1
b13b1d8b6ca7f4ce,2025-04-22,1
a855f6018258a186,2025-04-22,1
b24d263318478920,2025-04-22,0
83ab19d11ca307b7,2025-04-22,1
b0bc5f654769d877,2025-04-22,0
be7ac6c999c0c250,2025-04-22,1
b850b888bfb51c40,2025-04-22,1
9c336792125ca4b1,2025-04-22,0
bfa3776cbd819b89,2025-04-22,1
9b763db8e7784fe2,2025-04-22,0
a45cc9e609bfe267,2025-04-22,0
a6c983be817647cc,2025-04-23,0
a356061dcecbcc87,2025-04-23,0
a0b65232552ad4bb,2025-04-23,1
8ab547656d874baa,2025-04-23,0
a9bf9216f673cee6,2025-04-23,0
b21375c9c72f863f,2025-04-23,0
8f15912a2e0cf128,2025-04-23,1
b6d6cf8208b5b079,2025-04-23,0
a4c7eb6081b4ae17,2025-04-23,0
a4b51fbd1e787237,2025-04-23,1
84f352f7c8dd3fae,2025-04-23,1
9ba165d2844affa4,2025-04-23,0
a42577564ece8d5a,2025-04-23,0
b250f8c672ada62b,2025-04-23,0
b6a69c8572515283,2025-04-23,0
b11782536d1fb26e,2025-04-23,1
b0c1652a3c608898,2025-04-23,1
9b8a88c6e817609a,2025-04-23,0
9ed8be52b358fcb9,2025-04-23,1
b8cf2706589ae150,2025-04-23,0
bdf7bb1babc15395,2025-04-23,1
8fb9f440c3b1d63f,2025-04-23,1
8e269aa5b1bb0169,2025-04-23,1
af39e93b4391ad55,2025-04-23,1
bdb28845e34f2569,2025-04-23,1
ad4e1c928d7952dd,2025-04-23,1
9354ec00a5de9689,2025-04-23,1
ba51138fec1db05d,2025-04-23,1
b10bf2cd4032f1e0,2025-04-23,1
95dd4f56deae306b,2025-04-23,1
a20dc5d6e59cf95b,2025-04-23,1
8d0e38c78e24a44d,2025-04-23,1
a1065cbebc78e115,2025-04-23,1
b27ce87cfdde8a12,2025-04-23,1
b834b3586b5969c3,2025-04-23,0
88dc1e90fab9593c,2025-04-23,0
834dbd3e68119457,2025-04-23,1
96d22711cce100a1,2025-04-23,1
9fa4380f969b8a3e,2025-04-23,1
afde65fc9612fa88,2025-04-23,0
8b171a302e68b612,2025-04-23,1
9629ad83c4612e4f,2025-04-23,0
91cf5871d399b472,2025-04-23,1
b5195ba7a55898fb,2025-04-23,1
b6beefebc1cf9b9f,2025-04-23,1
9e438b0be8d4cbd4,2025-04-23,0
a1c9dad66e0c20d0,2025-04-23,1
ad017ece41e53dbf,2025-04-23,0
9e8f3e3ddc18f5d5,2025-04-23,1
ba6567d9ebdefc06,2025-04-23,0
a7517d9f125c82ac,2025-04-23,0
b283f9a225438ec9,2025-04-23,1
8b3adb2775c5e3a8,2025-04-23,0
9412c310c24feb3a,2025-04-23,0
bc30d7bb84e46726,2025-04-23,0
84d3e66d8604a62b,2025-04-23,0
adf4802a0132cf89,2025-04-23,1
9d832e7a60f01c3b,2025-04-23,0
b88c1e6a4abfc0e0,2025-04-23,1
8ab90c6921db81ae,2025-04-23,1
9c2c1a32e6060d7d,2025-04-23,1
897c5c6ee0d0a39e,2025-04-23,0
8a504343192bac70,2025-04-23,0
928cb8ae5d31bb3c,2025-04-23,1
bb72501800b541ac,2025-04-23,0
853efb7915d4025e,2025-04-23,0
892d88884f1e9a87,2025-04-23,1
9eb04c29460f542e,2025-04-23,0
88ce1094f8642ede,2025-04-23,0
9c9711691a7ae7db,2025-04-23,1
bede4dedebea958a,2025-04-23,1
8aec64f5179ff092,2025-04-23,1
95751ec8f29ddab6,2025-04-23,1
be0f9c3841b5edf6,2025-04-23,1
959599a0de1a5abd,2025-04-23,1
9fe486208b6ce3f7,2025-04-23,0
af7b681910e40763,2025-04-23,1
a4daf3900a0dad5d,2025-04-23,1
b54831eb3102ac68,2025-04-23,1
84282f98f47a85bb,2025-04-23,1
a2e712882ded27b0,2025-04-23,1
9779349b6f7c9da8,2025-04-23,0
92068bb657064c65,2025-04-23,1
93cf449004edcbad,2025-04-23,0
9f1ac352d4e5b21e,2025-04-23,0
93c6b40baf36bdcf,2025-04-23,0
8b54f2eb50dff664,2025-04-23,1
86ed8796ce73f580,2025-04-23,1
b25e3d2a71ad869e,2025-04-23,1
8939df9d2cb4e2ff,2025-04-23,1
861dd7e926c2899b,2025-04-23,1
b7e6ce3ca465014a,2025-04-23,0
86190b80decc28fb,2025-04-23,1
b9c76ab96c777374,2025-04-23,0
a074cf7c00a789d6,2025-04-23,1
99f63053c6fc288c,2025-04-23,0
89c8770304e755f6,2025-04-23,1
8aeb96605db6cb37,2025-04-23,1
ac63ac0a6e9ecd11,2025-04-23,0
a39db6d0cb6021e1,2025-04-23,1
85730dd4da906f79,2025-04-23,1
ba5ea03249c877ef,2025-04-23,0
b85f0a466f98ff87,2025-04-23,1
901febfc174d3a31,2025-04-23,1
bb84237bb7d610c4,2025-04-23,1
b2efa55dd1f60222,2025-04-23,1
9f289501b6a3f271,2025-04-23,0
aac8b84dd222d76c,2025-04-23,0
8887e9c0b222fecb,2025-04-23,1
b5176fb21e307d19,2025-04-23,1
9d066c902e187a86,2025-04-24,0
805e9c155afab63b,2025-04-24,1
bebec09dc0b7de66,2025-04-24,0
a7abe7e37c447fb5,2025-04-24,0
91e3f364b6ab94be,2025-04-24,1
84aab20336cff602,2025-04-24,0
9d0cfdbf16afcf2d,2025-04-24,0
bc463f219e7b2fa1,2025-04-24,0
a60211cd2ecd8776,2025-04-24,1
8b839a9cb702a791,2025-04-24,1
a0bd46192d671f77,2025-04-24,0
9dc88964934b5c6a,2025-04-24,0
accab7258535dcaa,2025-04-24,1
a3a07e9f2dbc6b9a,2025-04-24,1
a4c1aa5d3e92deee,2025-04-24,1
8b94ab7ad4e2c7d9,2025-04-24,0
a003e1a010142c11,2025-04-24,1
afcd07a35a5f1a08,2025-04-24,1
a02676e88b04915f,2025-04-24,0
b3014df28a77e752,2025-04-24,1
97641ba95283739b,2025-04-24,1
b19ee062de1220bf,2025-04-24,0
8069ec4eb570c4de,2025-04-24,1
a89bef4ef48824b7,2025-04-24,1
a8b7528a6a7c7027,2025-04-24,0
8028a44052378a87,2025-04-24,1
880dabf06738122a,2025-04-24,1
a6d180a6b7832c22,2025-04-24,1
a2325e0f8893af18,2025-04-24,0
b70a53f14ddef6f6,2025-04-24,0
a4a88a4a5abc39e6,2025-04-24,1
b703e767df55a683,2025-04-24,1
aff6a657212ef7cc,2025-04-24,0
895feb7ae8d35a2e,2025-04-24,0
974485c17e30d31b,2025-04-24,0
930755375fb8e3cd,2025-04-24,1
ab570aed84144935,2025-04-24,1
9831dfa1f705a3f7,2025-04-24,1
b49fc6fba0801ccd,2025-04-24,1
b902aeee1ab5c62f,2025-04-24,0
9a637060cff1235d,2025-04-24,1
9e295245d82d6548,2025-04-24,1
971fd9266ddee9b1,2025-04-24,0
8f91a5f5f6d96345,2025-04-24,1
85c7996b17862e57,2025-04-24,0
aad7891e94f60f1f,2025-04-24,1
a9523b230fa8cf3b,2025-04-24,1
8255b109b4daa612,2025-04-24,1
880d0a657b83c02d,2025-04-24,1
a44fb105f2aa4ad5,2025-04-24,1
a08c995514558b28,2025-04-24,0
b5e7d5e7ab42e827,2025-04-24,1
873d5861636f86d7,2025-04-24,1
9ee4c62710a2ef2b,2025-04-24,1
8e9ab4da37556c82,2025-04-24,1
9b0738d8e1062091,2025-04-24,0
aca8a3ff64148317,2025-04-24,0
a6ea80be29cb153d,2025-04-24,0
9d42555064129acd,2025-04-24,0
81771c699fdbfbce,2025-04-24,0
b3a70fcd658a6ef4,2025-04-24,0
aeee4b0912b42fde,2025-04-24,1
9985fb1e0653ca44,2025-04-24,1
818b0db080bb14cd,2025-04-24,1
bfab0674e1b1987b,2025-04-24,0
aafc9e6c7ba5143a,2025-04-24,1
8b3d49079a90e762,2025-04-24,1
9cd9701203b266be,2025-04-24,1
967c9aa0baa5eada,2025-04-24,1
a5afb2810dfcf210,2025-04-24,0
8fbbea0bffdc4f19,2025-04-24,0
9edb9f14ccebdfd9,2025-04-24,0
95b25997f4c7542f,2025-04-24,0
b216f4278d36895f,2025-04-24,1
8e5219e03fe2b527,2025-04-24,0
9f9a12ac8724d958,2025-04-24,0
a7b035d2b1d5cb7f,2025-04-24,1
b617d15f653dc1e2,2025-04-24,1
a07a1cd29464d45e,2025-04-24,1
894dd7467beb08cb,2025-04-24,0
a72207f732e673d1,2025-04-24,0
8a34c598d4edf5c5,2025-04-24,1
bf75b3d7bc4c0e61,2025-04-24,0
b841d07ba96f4ee2,2025-04-24,0
82a0b429cb90fd38,2025-04-24,0
b89cf6f377bcfb03,2025-04-24,1
b1c0d1306a8c7b91,2025-04-24,0
b3ec2d2c51c3e797,2025-04-24,1
81da0f86700fcc53,2025-04-24,1
a827a72334c37fa1,2025-04-24,1
84952cc979fb3b2d,2025-04-24,0
b57f9afa7c553c09,2025-04-24,1
bb173fc5d0cd0d99,2025-04-24,0
9e784dd67d88ef10,2025-04-24,0
9e7a25a6e3ad9745,2025-04-24,0
a00100aa51b7336b,2025-04-24,0
8f76f859e8f276ab,2025-04-24,1
8871bef32eeaef4f,2025-04-24,0
9a745456785bced6,2025-04-24,1
b44c662db5dfb5ef,2025-04-24,1
aecc8782786e85f3,2025-04-24,1
98b495649cfd78c3,2025-04-24,1
b0c070f86ef99eeb,2025-04-24,1
b8e4888c08a2414e,2025-04-24,1
b57d86b9ee2c60e9,2025-04-24,0
9bcade0a65576d28,2025-04-25,0
b56de4c5e810ac25,2025-04-25,1
bd1fde2877d990ca,2025-04-25,1
861e193cec15ca1a,2025-04-25,1
84fecfce37129775,2025-04-25,0
a4f225e1f124c024,2025-04-25,0
be31f19ad6b05a8d,2025-04-25,0
862d4c4f7a9415bf,2025-04-25,0
b5d9fbdba32897d6,2025-04-25,0
a6eae23f3028d15a,2025-04-25,1
a3267902c3b24e77,2025-04-25,1
8e3f9f7febe70a88,2025-04-25,1
9966067b437d57b6,2025-04-25,1
b230076a402d4f2c,2025-04-25,0
b5ff62d42896b885,2025-04-25,1
b51e99716b8b5ddb,2025-04-25,1
9803987cf03b21e8,2025-04-25,0
93b4fb398d1a23dc,2025-04-25,0
84e60dd414d04a54,2025-04-25,0
9198b29ac0ad715e,2025-04-25,0
a1be182d36da4f67,2025-04-25,1
bce693953bbb4590,2025-04-25,1
b6b8fd101895a113,2025-04-25,1
a3352f5730ac2519,2025-04-25,0
8fce227f7dbe9fce,2025-04-25,1
b30f5bab93a4d5d5,2025-04-25,1
83c51c3efa7f7318,2025-04-25,1
b16d31144c760d91,2025-04-25,0
a23aab35343312ae,2025-04-25,0
a3ffc258441666a8,2025-04-25,1
be5e0f0f029671d9,2025-04-25,0
a7a5922644460541,2025-04-25,0
a632c91556cb4327,2025-04-25,1
9ea4c5eb550e4d12,2025-04-25,1
80f060297f0ec17e,2025-04-25,1
bb2226318ca018d4,2025-04-25,1
996e858dcf33f33a,2025-04-25,0
84b0714a267a18f4,2025-04-25,0
a11f8118b9df3383,2025-04-25,1
9af2f1b46fb20141,2025-04-25,1
93e496fd7449718a,2025-04-25,0
98a6d64f14359f91,2025-04-25,1
a9017aa8737c8b05,2025-04-25,1
84777e66135aeac5,2025-04-25,1
aec45eedaa0514b3,2025-04-25,0
89bf315e7b0d54d8,2025-04-25,0
80f0241076d1f43d,2025-04-25,1
9c056d0310d3a6e9,2025-04-25,0
8c987655f5cfc3c4,2025-04-25,1
8cd8c57add962c24,2025-04-25,1
aa4b694863645780,2025-04-25,1
a2ceee73cec13449,2025-04-25,1
9498973e2edf026d,2025-04-25,1
bb904bf4a7a078df,2025-04-25,0
a58732fcb0f0602e,2025-04-25,0
85231db413c54e0d,2025-04-25,1
9924f8fd6e8769cd,2025-04-25,1
9203c833e7f064dc,2025-04-25,0
b87269e8f7b7a8e7,2025-04-25,1
ba2afc907a7a1f15,2025-04-25,0
8a74ca713609284b,2025-04-25,1
9da7b4538dd2b6cd,2025-04-25,0
9e65b1f78ec58749,2025-04-25,0
a0e8c93530f853f2,2025-04-25,0
ab47a4183b242b3e,2025-04-25,1
adb53d7f19d61e6b,2025-04-25,1
8f09a1324e80a179,2025-04-25,1
ae5451bd51a0b42b,2025-04-25,0
9d25e17454c8aaf8,2025-04-25,1
8036e43dcdcb3ee4,2025-04-25,1
a7a2076710c3a72a,2025-04-25,0
b27385bf29534a87,2025-04-25,1
a8ed9844b179ca12,2025-04-25,1
8d22b1b53bc6a12e,2025-04-25,0
968332e6eba65809,2025-04-25,0
99b2e683f711da38,2025-04-25,0
801f3034a0d87d9b,2025-04-25,1
866bce49c2191b9a,2025-04-25,0
8db47352688a8c84,2025-04-25,1
a4c5c6dab759ada2,2025-04-25,0
b35a889cccf59d26,2025-04-25,0
8a9a795ac9ffdde0,2025-04-25,0
b81d96b26a31ac11,2025-04-25,1
b3509279fee3b1b6,2025-04-25,1
a9d279f76790a5c5,2025-04-25,0
9608155c69aef8b4,2025-04-25,1
9f6b274540393dda,2025-04-25,0
a9ade802a661f653,2025-04-25,1
b751415cced2e178,2025-04-25,0
81753b04f2ac49ab,2025-04-25,1
9f845d594ce336a4,2025-04-25,0
825c60fe18247802,2025-04-25,0
a24086475c2ef7cc,2025-04-25,0
b943d1674201744b,2025-04-25,1
a62a85c3e90b5252,2025-04-25,1
b102b154cc93646b,2025-04-25,0
8799dbda31d512ba,2025-04-25,0
8e645406d50f2bfe,2025-04-25,1
bd771d11c2a1b767,2025-04-25,0
b9cec59bc0feff3b,2025-04-25,0
aee5cdaabf43b546,2025-04-25,0
88e06a51e0a836d4,2025-04-25,1
83c5c3c7fefa4ac8,2025-04-25,1
893b829027b971d8,2025-04-25,1
81246e5a28ba436a,2025-04-25,0
bf6db035fcdc731d,2025-04-26,1
9d0b0d54128b8c06,2025-04-26,1
b94f68ccffc8fc5c,2025-04-26,1
bc966cd3e99a0268,2025-04-26,0
ae7b5c252d180a96,2025-04-26,1
a165c44dc39034e9,2025-04-26,0
a4a7d7b855f9cf02,2025-04-26,1
a25defbd67cf1df1,2025-04-26,1
bc56480a33a3ad37,2025-04-26,0
9ae64017cbd362bb,2025-04-26,1
a82963ed969d24c3,2025-04-26,1
bd1916d956f58008,2025-04-26,0
a982a43a64308308,2025-04-26,1
af9906ebc82932ce,2025-04-26,1
8fd6270d185a3b8f,2025-04-26,1
a2c9f1d6aa219f25,2025-04-26,1
85ea43b6e59247b3,2025-04-26,1
9378c7ff51d98851,2025-04-26,1
9dd2cb925db1df71,2025-04-26,1
8962dc5e18c43182,2025-04-26,1
bf6bccff8c52a1cf,2025-04-26,0
8b835076df5183bc,2025-04-26,0
bf7303b12d2704d4,2025-04-26,1
b24972724b36a3e7,2025-04-26,0
a0ce97a7164f8e26,2025-04-26,1
88d4164250a51099,2025-04-26,1
9d3df9311dacfb2b,2025-04-26,1
b70ac7f6c822017b,2025-04-26,1
9471434c70c975b8,2025-04-26,1
8216a9ed70c15a37,2025-04-26,1
a47cfd9d3fb5ba80,2025-04-26,1
a72ef4a8242e08aa,2025-04-26,0
b7ff502edf10b31a,2025-04-26,0
b9f8b167784ad0f3,2025-04-26,1
b5aea9a0a06a6c85,2025-04-26,1
8e1d6d02cffc88e2,2025-04-26,0
95e5468d0a2df00f,2025-04-26,1
a0474e25cb96b617,2025-04-26,0
983dcef35029cccd,2025-04-26,1
ab3a59c88578e0f4,2025-04-26,0
aadc4db983ad4693,2025-04-26,1
85ee3078bcd59959,2025-04-26,0
a8e5278657f58c5c,2025-04-26,0
ac69f6f7931048eb,2025-04-26,1
b541290459448039,2025-04-26,0
9f2a29e633ecc970,2025-04-26,0
86ba384aa129109c,2025-04-26,0
9fc011bb616c6121,2025-04-26,0
b6c2146740e27c34,2025-04-26,0
a303db505996caa0,2025-04-26,1
b737e0dbd84c2175,2025-04-26,1
b31452eea97514df,2025-04-26,0
b37ad517e38f7a4f,2025-04-26,1
b9798f3fc9c8cd11,2025-04-26,0
806a7fd509aad6b7,2025-04-26,1
95f060d366a09377,2025-04-26,1
833e88f980c10852,2025-04-26,0
9b3e457886bbeaaf,2025-04-26,1
87ccc7f45bfb20c9,2025-04-26,1
b0e774a6d198d40d,2025-04-26,1
ace5cb8436b33867,2025-04-26,1
ad1f0eae1a132aa2,2025-04-26,1
812560a17198d12e,2025-04-26,1
bb7ba74fd9102a78,2025-04-26,1
b1a213c9b7947e6d,2025-04-26,0
870f936e1ed48cb9,2025-04-26,0
bdc4fe841f049abd,2025-04-26,1
a73352c63b21f13a,2025-04-26,1
a65dbbb0ea78b834,2025-04-26,0
af4e36784892afe1,2025-04-26,0
af16d412ecea746a,2025-04-26,1
889647b2f7b718f8,2025-04-26,0
9790b35a465fbf41,2025-04-26,1
aa572e82748ed178,2025-04-26,1
948bc635949a8b8e,2025-04-26,1
a59a15d3f017c583,2025-04-26,0
83f0d53306deff2e,2025-04-26,0
921ce28443740dd8,2025-04-26,1
b43d06dcb389f916,2025-04-26,1
b7d75abc8c199802,2025-04-26,1
bfbc40680816ca4a,2025-04-26,1
9e15a984da5f748a,2025-04-26,1
b00f26c0d73124b8,2025-04-26,0
ae051d75b0d53e82,2025-04-26,1
b0f8cfeb98a008fc,2025-04-26,1
b52b046b90ccc435,2025-04-26,0
ab06a30cb68208db,2025-04-26,1
95c23942059183a8,2025-04-26,0
ab5d17b96e24367e,2025-04-26,1
96df546d0501155e,2025-04-26,0
88b91d48ff74103e,2025-04-26,0
9ca5efb457126159,2025-04-26,0
90ebfb86aeaff9bb,2025-04-26,1
a435b9d88516d356,2025-04-26,1
92148ebc4013fff1,2025-04-26,1
a3e720dcebcdd16d,2025-04-26,1
885b29e6fe44ea6d,2025-04-26,0
935c2b64b7bf1139,2025-04-26,0
9c5a78e7750b8a28,2025-04-26,0
b4390c814aa1d38c,2025-04-26,1
bde3f75d62ce5564,2025-04-26,0
8b9b9102fae0ec1c,2025-04-26,1
af897d4ce727961d,2025-04-26,1
ac2bf2435401c58b,2025-04-26,0
89133011fa7b8d41,2025-04-26,1
900509e22cffaa2b,2025-04-26,0
88011f3d47456225,2025-04-26,1
a18d06d822cda0f4,2025-04-26,1
bbb200f148a9662e,2025-04-26,1
a31a14faebecdaae,2025-04-26,1
a98ef22c2b767679,2025-04-26,0
aff3e5f769cf24fa,2025-04-26,0
bf3e3471eeae7005,2025-04-26,1
b46ab2b7b73e078c,2025-04-26,1
8039212568f47bea,2025-04-26,0
b823905cdbad22e4,2025-04-27,1
95324fa46c216e70,2025-04-27,0
87e1f7154b4880f6,2025-04-27,0
abbb3d2399dbf107,2025-04-27,1
b2a2aac42a048066,2025-04-27,0
95b3061c6c23bdce,2025-04-27,1
bd213306b2360e5b,2025-04-27,1
ace733e281dbdde2,2025-04-27,0
afa33b8397aff1bd,2025-04-27,0
a1da034b41b76ef8,2025-04-27,1
85938c619bccff30,2025-04-27,1
be1e1322e8502925,2025-04-27,1
a1888fbd817d4afd,2025-04-27,1
aab57c3188bdb4e6,2025-04-27,1
8d6180efc5058e93,2025-04-27,1
8b2868445669bcbb,2025-04-27,0
a3857718ef2c4a14,2025-04-27,1
95fc97f24501809d,2025-04-27,0
a6e12967d584ddc8,2025-04-27,0
ad0ffe97b8396805,2025-04-27,1
a823a0f056c740ad,2025-04-27,1
96a4ccb042bfdbc4,2025-04-27,1
bc754f500be2a544,2025-04-27,0
a7cff2a7b3bf9aa6,2025-04-27,1
a781efe67a898253,2025-04-27,1
bd1e06d9b94570bb,2025-04-27,0
a12f1a55786644c0,2025-04-27,1
aeac948fb4b992b4,2025-04-27,0
b91242a237c542c6,2025-04-27,0
8dce415a9fd7a55a,2025-04-27,0
83e0419ec19d7e0c,2025-04-27,1
838e04673d661248,2025-04-27,0
a1553c05e4f5c5b1,2025-04-27,1
9ca6a737b35f1a85,2025-04-27,0
83cffee04087e8f0,2025-04-27,1
8ab2700fc176708f,2025-04-27,1
b569f6dc3da44d44,2025-04-27,1
878988c84ac59558,2025-04-27,1
81ce8a458417bd63,2025-04-27,1
8794c43d40c24381,2025-04-27,1
89d3c07671ce6189,2025-04-27,1
8e38ec761d926f89,2025-04-27,0
82dc2f342a542c60,2025-04-27,1
91ba2bb7f66b8909,2025-04-27,0
99d66cfca5bf14d6,2025-04-27,1
ab5cbd9421b3c8ba,2025-04-27,0
b6d950c75584b21a,2025-04-27,0
81c28a28cde128b8,2025-04-27,0
a7038ae738867a9b,2025-04-27,0
be42bdfc378a1854,2025-04-27,0
8011649c3f1b6bcb,2025-04-27,0
ba51a007a4a0b6c0,2025-04-27,1
a0de3aa0e165fc62,2025-04-27,1
b862f95c7ef4ca6f,2025-04-27,1
a272b8bbd98d35e6,2025-04-27,0
9698c86955335db4,2025-04-27,0
9477c23e86937fb8,2025-04-27,1
beb19b039b05cda7,2025-04-27,1
b9e432f545dfe713,2025-04-27,0
99c004aadf701514,2025-04-27,1
bb44517592775dac,2025-04-27,0
96270a23e2f2d5c4,2025-04-27,1
87171a5f8443699b,2025-04-27,0
9473fbab016afc64,2025-04-27,1
b61038e3d9d1831e,2025-04-27,0
923002ea75ed31ef,2025-04-27,0
861a8b5c9f1b6e9e,2025-04-27,0
b02eaca51dd538a7,2025-04-27,0
ad4cd59593e06c99,2025-04-27,1
81e9c931f4e7221c,2025-04-27,1
974b29f3f6496fa2,2025-04-27,1
82f52a628a5e2d1f,2025-04-27,1
83a5d03fd34abcab,2025-04-27,1
a06019b713de4fb2,2025-04-27,0
9f3864e42359dceb,2025-04-27,1
827e1ac2649f3f41,2025-04-27,1
aa70082c35eed82c,2025-04-27,1
8812e608429aaf24,2025-04-27,0
9b74e404d6d4aff5,2025-04-27,1
84bcb4b7cd1a5fcf,2025-04-27,1
97924355b046dca3,2025-04-27,1
92e1fad2f9b2dba0,2025-04-27,1
a715bc0f4c1969a7,2025-04-27,1
ad6f8f8495f7897a,2025-04-27,0
b66f5cebfb96b6c6,2025-04-27,1
a385aa90826e4fc2,2025-04-27,1
9248ed7d83443780,2025-04-27,1
be846c5f8bebcd3f,2025-04-27,1
a7807e54ce247155,2025-04-27,1
b4bd52106c405c6f,2025-04-27,0
9af6fdbc96c85026,2025-04-27,1
838fe930f94a6a61,2025-04-27,1
a88830ae226fa04f,2025-04-27,1
987581e2031e3af4,2025-04-27,0
ba4410d7ba9aaabf,2025-04-27,1
bb8f87a84ee9ba65,2025-04-27,0
91cbd3371bb416a9,2025-04-27,1
a699b1ff73a6ae12,2025-04-27,1
81265e45a8f1947b,2025-04-27,1
95370a174d7e9e1c,2025-04-27,1
ba8c97f7146649fe,2025-04-27,0
96263ed8c39be860,2025-04-27,0
90f7600222b0089c,2025-04-27,1
bf60b73184de1c89,2025-04-27,0
a9b2e3fd67bbeac5,2025-04-27,1
a5c8e8f81c92f7b6,2025-04-27,0
aaddc78ff2666d47,2025-04-28,1
ab2771da7a0828f6,2025-04-28,1
b4579a51933ed454,2025-04-28,0
a5d0f880d7bfbc78,2025-04-28,1
bc3c5538bcff073f,2025-04-28,1
bbc2543f2f0ac273,2025-04-28,0
956f869389342860,2025-04-28,0
a1f88d83ebfe8355,2025-04-28,1
adb833b136d1f686,2025-04-28,1
a17fe40a98e6f11a,2025-04-28,1
a1b9ced28a33cf30,2025-04-28,0
b8610a915085fde5,2025-04-28,1
83cc6abd5a6e9b15,2025-04-28,1
8b509a6ea2b64e86,2025-04-28,1
adce9e89aaab0156,2025-04-28,1
86001a80dbd8e780,2025-04-28,0
a8c2a4dd43fa52c6,2025-04-28,1
aac99aef5b9f085c,2025-04-28,0
983063e0b54aefb1,2025-04-28,1
98f1d888852c9d0c,2025-04-28,1
a9335d0b3acb1a9f,2025-04-28,1
b9dc46d90ef33417,2025-04-28,1
937095479e377c35,2025-04-28,0
bc3d29eeabecab01,2025-04-28,1
911b676eb1f45698,2025-04-28,1
aaceeed4857117cd,2025-04-28,0
8291a004d3c60614,2025-04-28,1
925ec30b9e5b05c6,2025-04-28,0
89ba4552a40df845,2025-04-28,1
9f784f28800684cb,2025-04-28,0
828b2084f57d802b,2025-04-28,1
8ce0ca07c338b7bc,2025-04-28,1
b1a82f6e158b6208,2025-04-28,0
85426222ffc5c512,2025-04-28,1
ac26d57151b4081c,2025-04-28,1
a94dfcfce087fe14,2025-04-28,1
b21fd38e3bc6abee,2025-04-28,1
bb058f89605e2d82,2025-04-28,0
984eb2a0cf6ace98,2025-04-28,1
8191b3d17d136b38,2025-04-28,0
b3d334d79012bd76,2025-04-28,1
8e7568f198f1df08,2025-04-28,0
84b8a9727e487840,2025-04-28,1
9ca84a031a157607,2025-04-28,1
bfb1589812ad4d30,2025-04-28,0
a43052d72518ce9b,2025-04-28,0
813f20e8a8824061,2025-04-28,1
87ad960e557033b2,2025-04-28,1
ae5ccbc94cd9423c,2025-04-28,1
ab3bc0ab34b185d9,2025-04-28,1
b16235e54a1fe61e,2025-04-28,1
a047a26266ebee66,2025-04-28,0
bea32f368b0cacde,2025-04-28,0
a5d9c9a62abbcb89,2025-04-28,1
871015cbde065659,2025-04-28,1
9597204f6ff0cd99,2025-04-28,1
afa71198d9c01576,2025-04-28,0
8229afdfe78cbd17,2025-04-28,0
ac64d87ba4525310,2025-04-28,0
bc24d434f19e5e3c,2025-04-28,1
b864f2fddf2f09bf,2025-04-28,1
bee0f6a4756c90f9,2025-04-28,0
b94a1f7ff1627a91,2025-04-28,0
864bd8a547a08baf,2025-04-28,1
8e533ea652d5e5ef,2025-04-28,1
965da9b0f3143849,2025-04-28,1
8115555ee0f6dd82,2025-04-28,0
810244ed7323f3f4,2025-04-28,0
91e8fe1fb16d704e,2025-04-28,0
84c711868c0d64f0,2025-04-28,1
95ea0034513c07ae,2025-04-28,1
8af77d336a20fddd,2025-04-28,0
89d236acbc06cc59,2025-04-28,0
a88e076bb3d510b4,2025-04-28,1
856b4bec838e2108,2025-04-28,1
8986c735822e52f8,2025-04-28,0
8bef73d07e213ae1,2025-04-28,1
b18c30daff32238b,2025-04-28,1
b29804ea2d725b0d,2025-04-28,1
96faae0635fe8f21,2025-04-28,1
bfff5e0f28cb3b37,2025-04-28,0
a0412d5764be384f,2025-04-28,0
8d6fe7be0c187a08,2025-04-28,1
be0a22fbdea21638,2025-04-28,0
89ea1a43e3765f7f,2025-04-28,0
9146f8d56e4c94d2,2025-04-28,0
a369a54cc9f55ef0,2025-04-28,1
8a3eebcf94eb7918,2025-04-28,1
a46774766801bb13,2025-04-28,1
848e0bdade889ca2,2025-04-28,1
b024ecb7aadaa68a,2025-04-28,0
aa3a25d4ef7ffb74,2025-04-28,1
a52bdc8ab02a8c79,2025-04-28,0
bc4d6d4aff270a95,2025-04-28,0
a3d6db1db48f9d96,2025-04-28,0
9ea7c9ad71a693a8,2025-04-28,1
874f3705e89c4695,2025-04-28,1
973609399aeab84d,2025-04-28,1
b0de948f64a993d6,2025-04-28,1
9f04c9c287905267,2025-04-28,1
8e945c7e2fc29afb,2025-04-28,0
898ea9e58514b5a0,2025-04-28,0
a9f79f4d7165a5e7,2025-04-28,1
a11c28e6b0a0c3f7,2025-04-28,1
961cf1290084c03f,2025-04-28,1
b901d121b14aa1bb,2025-04-29,1
92a9061da8b18213,2025-04-29,0
bca58bc931cf07ef,2025-04-29,1
bb6864dc6e85ae50,2025-04-29,0
9a7881c5a1a47bc6,2025-04-29,0
b9a7ad4ce533ff0b,2025-04-29,0
923f71a350881c78,2025-04-29,0
baf6debbba072f93,2025-04-29,1
af1865ac4cdecefe,2025-04-29,1
a838e8253a27c188,2025-04-29,1
876ece5ec7b15be6,2025-04-29,0
b10c32a29abe7bac,2025-04-29,0
b292b30293d74c3b,2025-04-29,1
b544f797e26d4a84,2025-04-29,0
bfa9bfbfc426bef8,2025-04-29,0
98f7266b7320db6f,2025-04-29,0
92cfd54c7b31965a,2025-04-29,1
b7bd25f84d458b33,2025-04-29,0
ba61030e0108b96b,2025-04-29,1
978642dafa8ffda0,2025-04-29,1
98d8f2ba84873745,2025-04-29,1
9d1b27a108586cfe,2025-04-29,0
995fe8bb87cff0a2,2025-04-29,0
a6ae0b53f99ecb2c,2025-04-29,1
b694fb1181a0cee8,2025-04-29,1
9b36d56a8fd0528f,2025-04-29,0
9176ce32ee812307,2025-04-29,0
be493432911a9e86,2025-04-29,0
b0085188377cf797,2025-04-29,1
af4936b8ce7e08b3,2025-04-29,1
9e56c93ffc9e0d25,2025-04-29,0
a5792acac4ace028,2025-04-29,1
ad3ece0541c053d2,2025-04-29,0
80d71fa5745dc00d,2025-04-29,1
bfc4131cacbe1199,2025-04-29,1
98e98e91d5dd1361,2025-04-29,0
884c08580d03114d,2025-04-29,1
a77d70e6a454d176,2025-04-29,1
8aafeab579b7597c,2025-04-29,1
b2ae46f674356522,2025-04-29,0
8b0da7471d55770c,2025-04-29,1
af36cb1bb87e490a,2025-04-29,0
addac5079c23cad2,2025-04-29,0
a425e4d8179cdbef,2025-04-29,0
875375544fab4eaf,2025-04-29,1
86a86e8933de0d48,2025-04-29,1
98c836da7bac14bb,2025-04-29,0
9f83ab8a3a0272e7,2025-04-29,0
98dabb556a1e625f,2025-04-29,1
bd5a28d1b8460e87,2025-04-29,1
8b22657026b569e7,2025-04-29,0
989de9f72eb13191,2025-04-29,1
adf0535aff105639,2025-04-29,0
8d21a417dcf77368,2025-04-29,0
81305070c0e25f14,2025-04-29,1
b24456ca9940f3f5,2025-04-29,1
b1fa3e331d218f2d,2025-04-29,1
806cd192f43cc99d,2025-04-29,1
b44e411e52881301,2025-04-29,1
9214dbca7f892a64,2025-04-29,1
b9cf76bc356a0f0f,2025-04-29,0
a0abbd7b7596f416,2025-04-29,1
8df9b29da766275a,2025-04-29,1
a7d89587b76bcc7a,2025-04-29,0
910bfa78ef8cc429,2025-04-29,0
9b207a188bde8a90,2025-04-29,1
a8acda0d22e91c2c,2025-04-29,1
8d95188c544f173c,2025-04-29,1
9cbc487e5be5273a,2025-04-29,1
8fcda6f1700791d1,2025-04-29,0
9a847876987aceb3,2025-04-29,1
82dc6a09a8b8e936,2025-04-29,1
8e264d9d69f7cad1,2025-04-29,0
a9a8524072d9a5ab,2025-04-29,0
a617d73d477a463d,2025-04-29,0
91c17ec00a8961f8,2025-04-29,1
9fec0b264a436edd,2025-04-29,0
adedf1be93d1b59b,2025-04-29,1
abf143c4591d0f8d,2025-04-29,1
b640f6e39b77f21b,2025-04-29,0
a7d8f5743e140b0a,2025-04-29,0
8dc0069e2ed3b51a,2025-04-29,1
904807ca1e04520e,2025-04-29,0
93982f356cd32011,2025-04-29,0
a01f9247926d0986,2025-04-29,0
aee51bbb1ea68f12,2025-04-29,1
879e9ef5af0342cc,2025-04-29,1
b3b9f90d6997a9d7,2025-04-29,1
86e385456f3ecc0b,2025-04-29,1
9adac825b21912f8,2025-04-29,1
b5a4c865cf1370ad,2025-04-29,1
8e8f23a2e54c7852,2025-04-29,0
a59e44f361a022ba,2025-04-29,1
bc9aafa783cc63b0,2025-04-29,0
9dccbcf107252649,2025-04-29,1
aa52d1ef87824aeb,2025-04-29,0
ab26a90d169b0cfa,2025-04-29,0
9c63a21a79341cd4,2025-04-30,1
8f3e043fd083a60f,2025-04-30,1
bba5f1a2c83231d8,2025-04-30,0
abec1c7c853056f7,2025-04-30,1
9d9d8c506d3b60a4,2025-04-30,0
baaa992ac35c3fa7,2025-04-30,1
bed59fac52eea36d,2025-04-30,0
be580a31d4f4f504,2025-04-30,1
b4eed8f8a28d0b9f,2025-04-30,0
9d9eef3119894425,2025-04-30,0
8958e6f893dd2cff,2025-04-30,0
a4861d3fe84265d3,2025-04-30,0
bec722cf1a9c4016,2025-04-30,1
b1c8f025a8a805aa,2025-04-30,1
ad1f1dd8a9030258,2025-04-30,0
b5ec6d95134a0025,2025-04-30,0
90119f14b94b802c,2025-04-30,1
8997631eade03e61,2025-04-30,0
95b15b8d6e82a96f,2025-04-30,1
bedf43fd82061f0c,2025-04-30,1
9f4f9ee1ef2a065a,2025-04-30,0
9dc2789e2aed6266,2025-04-30,1
b714c7efca619d49,2025-04-30,1
b0345604ca9e93d3,2025-04-30,1
8ed6c80d0af725cd,2025-04-30,1
9c78fa016c072643,2025-04-30,1
84e70f1f449c24c1,2025-04-30,1
a38803edcf6d95ec,2025-04-30,0
bd8c29329a04ecf7,2025-04-30,1
a77714b51b15316b,2025-04-30,0
918b4fdf8831b2f4,2025-04-30,0
a752e144d2913bf4,2025-04-30,1
a99aa25fa5ff300b,2025-04-30,0
86b874b6b7eefa01,2025-04-30,0
82bef62e03a41488,2025-04-30,1
b9d642a393898c20,2025-04-30,0
89e215483d83c4e6,2025-04-30,1
9b8a56e6b61ba25d,2025-04-30,1
9980993a82cf6b38,2025-04-30,1
b7b62ee95b314cfb,2025-04-30,1
b30982d6a682a5cf,2025-04-30,0
8167abaf2aa186e9,2025-04-30,1
b12fd4325b495fcd,2025-04-30,1
979ca13052cc1bbf,2025-04-30,0
918c33c196cde19c,2025-04-30,0
aa3d21331576ea72,2025-04-30,1
b6c02ccc66ee121a,2025-04-30,1
a616208def54f9f9,2025-04-30,0
bc25cc1655a63edf,2025-04-30,1
8aff41e0c18f2672,2025-04-30,1
8d9a9cc6e18ccb21,2025-04-30,0
a7d1e9f74f3bcf0a,2025-04-30,1
929708866ad274bb,2025-04-30,0
803eccc2d642e8d6,2025-04-30,1
8d2312543505bc49,2025-04-30,1
8ee11b140033d799,2025-04-30,0
8a0631515af48a09,2025-04-30,1
be9a0959ada80534,2025-04-30,1
a6d71d394fb8b151,2025-04-30,1
9f5bb1935a71e12d,2025-04-30,1
a8ad3a8d80d83994,2025-04-30,1
b8ec240a4c669c47,2025-04-30,0
b33a29daa825ea3a,2025-04-30,1
b259e2439a6ea36c,2025-04-30,1
9a0b58f921f2aa3d,2025-04-30,1
98795d64dbd2d7e3,2025-04-30,1
94ba16205d2414d9,2025-04-30,1
be93dd18206a3e4c,2025-04-30,1
a0847726edc9284f,2025-04-30,1
9881cd6972472b35,2025-04-30,1
b92ac02968781205,2025-04-30,0
9a1953a7e11f187c,2025-04-30,1
866a362e69f838be,2025-04-30,0
8a5799cd8ec44e08,2025-04-30,0
bc5063a5d1dd37cf,2025-04-30,1
8a1bed5c1bca7e91,2025-04-30,1
904715eac3698b6e,2025-04-30,0
97b56aa47edbf1b9,2025-04-30,1
80ef4e822cdc21f5,2025-04-30,1
928a504b1ad19889,2025-04-30,1
a44596226b50cc27,2025-04-30,1
81c5a28a73837e55,2025-04-30,1
ad7f69a5449277e7,2025-04-30,0
82639ebf26d5a539,2025-04-30,0
acb6bb08c2ddbe59,2025-04-30,1
ab92ab9ea666c696,2025-04-30,1
8742ddc754b4d7f6,2025-04-30,1
a54b2e77bfc13556,2025-04-30,1
b55425a6bf4eb6e8,2025-04-30,0
8f6b15affc8d42c7,2025-04-30,1
8ae52719150bb84c,2025-04-30,1
ac2ede0cf9e3b87e,2025-04-30,0
b9baf7febd2d2ee0,2025-04-30,1
aed4b0dc0f7d22e0,2025-04-30,1
a463d7ff9384020b,2025-04-30,1
b242b93e311f0e57,2025-04-30,1
b88aec0807f89261,2025-04-30,1
